,Estacao,year,month,Precipitacao,long,lat
0,ARCOVERDE,2000,1,43.3,-37.08,-8.41
1,ARCOVERDE,2000,2,83.5,-37.08,-8.41
2,ARCOVERDE,2000,3,70.2,-37.08,-8.41
3,ARCOVERDE,2000,4,135.9,-37.08,-8.41
4,ARCOVERDE,2000,5,27.599999999999998,-37.08,-8.41
5,ARCOVERDE,2000,6,110.80000000000003,-37.08,-8.41
6,ARCOVERDE,2000,7,75.30000000000001,-37.08,-8.41
7,ARCOVERDE,2000,8,86.8,-37.08,-8.41
8,ARCOVERDE,2000,9,32.300000000000004,-37.08,-8.41
9,ARCOVERDE,2000,10,17.2,-37.08,-8.41
10,ARCOVERDE,2000,11,30.6,-37.08,-8.41
11,ARCOVERDE,2000,12,136.7,-37.08,-8.41
12,ARCOVERDE,2001,1,10.3,-37.08,-8.41
13,ARCOVERDE,2001,2,16.3,-37.08,-8.41
14,ARCOVERDE,2001,3,130.1,-37.08,-8.41
15,ARCOVERDE,2001,4,64.4,-37.08,-8.41
16,ARCOVERDE,2001,5,0.7999999999999999,-37.08,-8.41
17,ARCOVERDE,2001,6,169.0,-37.08,-8.41
18,ARCOVERDE,2001,7,109.9,-37.08,-8.41
19,ARCOVERDE,2001,8,62.50000000000001,-37.08,-8.41
20,ARCOVERDE,2001,9,1.4,-37.08,-8.41
21,ARCOVERDE,2001,10,78.1,-37.08,-8.41
22,ARCOVERDE,2001,11,6.7,-37.08,-8.41
23,ARCOVERDE,2001,12,2.6,-37.08,-8.41
24,ARCOVERDE,2002,1,154.1,-37.08,-8.41
25,ARCOVERDE,2002,2,18.0,-37.08,-8.41
26,ARCOVERDE,2002,3,71.5,-37.08,-8.41
27,ARCOVERDE,2002,4,34.6,-37.08,-8.41
28,ARCOVERDE,2002,5,22.500000000000004,-37.08,-8.41
29,ARCOVERDE,2002,6,88.8,-37.08,-8.41
30,ARCOVERDE,2002,7,39.199999999999996,-37.08,-8.41
31,ARCOVERDE,2002,8,35.7,-37.08,-8.41
32,ARCOVERDE,2002,9,4.3,-37.08,-8.41
33,ARCOVERDE,2002,10,6.8999999999999995,-37.08,-8.41
34,ARCOVERDE,2002,11,0.7,-37.08,-8.41
35,ARCOVERDE,2002,12,49.7,-37.08,-8.41
36,ARCOVERDE,2003,1,28.200000000000003,-37.08,-8.41
37,ARCOVERDE,2003,2,28.2,-37.08,-8.41
38,ARCOVERDE,2003,3,36.3,-37.08,-8.41
39,ARCOVERDE,2003,4,89.9,-37.08,-8.41
40,ARCOVERDE,2003,5,67.4,-37.08,-8.41
41,ARCOVERDE,2003,6,34.6,-37.08,-8.41
42,ARCOVERDE,2003,7,50.10000000000001,-37.08,-8.41
43,ARCOVERDE,2003,8,54.9,-37.08,-8.41
44,ARCOVERDE,2003,9,61.7,-37.08,-8.41
45,ARCOVERDE,2003,10,10.8,-37.08,-8.41
46,ARCOVERDE,2003,11,33.0,-37.08,-8.41
47,ARCOVERDE,2003,12,8.4,-37.08,-8.41
48,ARCOVERDE,2004,1,346.59999999999997,-37.08,-8.41
49,ARCOVERDE,2004,2,207.79999999999995,-37.08,-8.41
50,ARCOVERDE,2004,3,47.4,-37.08,-8.41
51,ARCOVERDE,2004,4,19.200000000000003,-37.08,-8.41
52,ARCOVERDE,2004,5,43.89999999999999,-37.08,-8.41
53,ARCOVERDE,2004,6,151.79999999999995,-37.08,-8.41
54,ARCOVERDE,2004,7,72.9,-37.08,-8.41
55,ARCOVERDE,2004,8,64.9,-37.08,-8.41
56,ARCOVERDE,2004,9,20.1,-37.08,-8.41
57,ARCOVERDE,2004,10,0.0,-37.08,-8.41
58,ARCOVERDE,2004,11,2.3,-37.08,-8.41
59,ARCOVERDE,2004,12,3.9,-37.08,-8.41
60,ARCOVERDE,2005,2,76.60000000000001,-37.08,-8.41
61,ARCOVERDE,2005,3,205.2,-37.08,-8.41
62,ARCOVERDE,2005,4,19.8,-37.08,-8.41
63,ARCOVERDE,2005,5,88.29999999999998,-37.08,-8.41
64,ARCOVERDE,2005,6,150.60000000000002,-37.08,-8.41
65,ARCOVERDE,2005,7,49.50000000000001,-37.08,-8.41
66,ARCOVERDE,2005,8,85.5,-37.08,-8.41
67,ARCOVERDE,2005,9,7.9,-37.08,-8.41
68,ARCOVERDE,2005,10,0.0,-37.08,-8.41
69,ARCOVERDE,2005,11,1.2,-37.08,-8.41
70,ARCOVERDE,2005,12,115.8,-37.08,-8.41
71,ARCOVERDE,2006,2,27.8,-37.08,-8.41
72,ARCOVERDE,2006,3,72.7,-37.08,-8.41
73,ARCOVERDE,2006,4,90.9,-37.08,-8.41
74,ARCOVERDE,2006,5,86.89999999999999,-37.08,-8.41
75,ARCOVERDE,2006,6,118.60000000000001,-37.08,-8.41
76,ARCOVERDE,2006,7,54.0,-37.08,-8.41
77,ARCOVERDE,2006,8,37.7,-37.08,-8.41
78,ARCOVERDE,2006,9,21.2,-37.08,-8.41
79,ARCOVERDE,2006,10,2.3,-37.08,-8.41
80,ARCOVERDE,2006,11,15.6,-37.08,-8.41
81,ARCOVERDE,2006,12,0.0,-37.08,-8.41
82,ARCOVERDE,2007,2,134.79999999999998,-37.08,-8.41
83,ARCOVERDE,2007,3,238.60000000000002,-37.08,-8.41
84,ARCOVERDE,2007,4,64.30000000000001,-37.08,-8.41
85,ARCOVERDE,2007,5,70.9,-37.08,-8.41
86,ARCOVERDE,2007,6,158.0,-37.08,-8.41
87,ARCOVERDE,2007,7,58.4,-37.08,-8.41
88,ARCOVERDE,2007,8,97.1,-37.08,-8.41
89,ARCOVERDE,2007,9,35.10000000000001,-37.08,-8.41
90,ARCOVERDE,2007,10,3.6999999999999997,-37.08,-8.41
91,ARCOVERDE,2007,11,9.4,-37.08,-8.41
92,ARCOVERDE,2007,12,18.8,-37.08,-8.41
93,ARCOVERDE,2008,2,88.4,-37.08,-8.41
94,ARCOVERDE,2008,3,179.6,-37.08,-8.41
95,ARCOVERDE,2008,4,85.29999999999998,-37.08,-8.41
96,ARCOVERDE,2008,5,154.29999999999995,-37.08,-8.41
97,ARCOVERDE,2008,6,54.5,-37.08,-8.41
98,ARCOVERDE,2008,7,107.20000000000002,-37.08,-8.41
99,ARCOVERDE,2008,8,45.6,-37.08,-8.41
100,ARCOVERDE,2008,9,12.399999999999999,-37.08,-8.41
101,ARCOVERDE,2008,10,5.7,-37.08,-8.41
102,ARCOVERDE,2008,11,0.0,-37.08,-8.41
103,ARCOVERDE,2008,12,21.2,-37.08,-8.41
104,ARCOVERDE,2009,2,89.3,-37.08,-8.41
105,ARCOVERDE,2009,5,256.9,-37.08,-8.41
106,ARCOVERDE,2009,6,78.69999999999999,-37.08,-8.41
107,ARCOVERDE,2009,7,80.5,-37.08,-8.41
108,ARCOVERDE,2009,8,97.7,-37.08,-8.41
109,ARCOVERDE,2009,9,2.3,-37.08,-8.41
110,ARCOVERDE,2009,10,6.1,-37.08,-8.41
111,ARCOVERDE,2009,11,4.8,-37.08,-8.41
112,ARCOVERDE,2009,12,36.1,-37.08,-8.41
113,ARCOVERDE,2010,1,143.29999999999998,-37.08,-8.41
114,ARCOVERDE,2010,2,90.1,-37.08,-8.41
115,ARCOVERDE,2010,3,67.6,-37.08,-8.41
116,ARCOVERDE,2010,5,34.699999999999996,-37.08,-8.41
117,ARCOVERDE,2010,6,210.59999999999997,-37.08,-8.41
118,ARCOVERDE,2010,7,73.5,-37.08,-8.41
119,ARCOVERDE,2010,8,31.900000000000002,-37.08,-8.41
120,ARCOVERDE,2010,9,37.300000000000004,-37.08,-8.41
121,ARCOVERDE,2010,10,62.1,-37.08,-8.41
122,ARCOVERDE,2010,11,0.0,-37.08,-8.41
123,ARCOVERDE,2010,12,31.200000000000003,-37.08,-8.41
124,ARCOVERDE,2011,1,36.2,-37.08,-8.41
125,ARCOVERDE,2011,2,58.0,-37.08,-8.41
126,ARCOVERDE,2011,3,36.10000000000001,-37.08,-8.41
127,ARCOVERDE,2011,4,89.00000000000001,-37.08,-8.41
128,ARCOVERDE,2011,5,229.80000000000007,-37.08,-8.41
129,ARCOVERDE,2011,7,77.99999999999999,-37.08,-8.41
130,ARCOVERDE,2011,8,39.199999999999996,-37.08,-8.41
131,ARCOVERDE,2011,9,22.400000000000002,-37.08,-8.41
132,ARCOVERDE,2011,10,18.2,-37.08,-8.41
133,ARCOVERDE,2011,11,21.799999999999997,-37.08,-8.41
134,ARCOVERDE,2011,12,0.0,-37.08,-8.41
135,ARCOVERDE,2012,1,91.20000000000002,-37.08,-8.41
136,ARCOVERDE,2012,2,7.699999999999999,-37.08,-8.41
137,ARCOVERDE,2012,3,10.0,-37.08,-8.41
138,ARCOVERDE,2012,4,38.7,-37.08,-8.41
139,ARCOVERDE,2012,5,43.699999999999996,-37.08,-8.41
140,ARCOVERDE,2012,6,27.299999999999997,-37.08,-8.41
141,ARCOVERDE,2012,7,59.3,-37.08,-8.41
142,ARCOVERDE,2012,8,37.900000000000006,-37.08,-8.41
143,ARCOVERDE,2012,9,5.8999999999999995,-37.08,-8.41
144,ARCOVERDE,2012,10,7.7,-37.08,-8.41
145,ARCOVERDE,2012,11,10.9,-37.08,-8.41
146,ARCOVERDE,2012,12,0.9,-37.08,-8.41
147,ARCOVERDE,2013,1,3.2,-37.08,-8.41
148,ARCOVERDE,2013,2,1.4000000000000001,-37.08,-8.41
149,ARCOVERDE,2013,3,17.4,-37.08,-8.41
150,ARCOVERDE,2013,4,98.0,-37.08,-8.41
151,ARCOVERDE,2013,5,56.4,-37.08,-8.41
152,ARCOVERDE,2013,6,60.40000000000001,-37.08,-8.41
153,ARCOVERDE,2013,7,117.1,-37.08,-8.41
154,ARCOVERDE,2013,8,31.400000000000002,-37.08,-8.41
155,ARCOVERDE,2013,9,11.9,-37.08,-8.41
156,ARCOVERDE,2013,10,20.000000000000004,-37.08,-8.41
157,ARCOVERDE,2013,11,9.8,-37.08,-8.41
158,ARCOVERDE,2013,12,90.7,-37.08,-8.41
159,ARCOVERDE,2014,1,3.0,-37.08,-8.41
160,ARCOVERDE,2014,2,65.8,-37.08,-8.41
161,ARCOVERDE,2014,3,17.6,-37.08,-8.41
162,ARCOVERDE,2014,4,86.30000000000001,-37.08,-8.41
163,ARCOVERDE,2014,5,129.4,-37.08,-8.41
164,ARCOVERDE,2014,6,59.599999999999994,-37.08,-8.41
165,ARCOVERDE,2014,7,55.9,-37.08,-8.41
166,ARCOVERDE,2014,8,59.300000000000004,-37.08,-8.41
167,ARCOVERDE,2014,9,44.4,-37.08,-8.41
168,ARCOVERDE,2014,10,106.4,-37.08,-8.41
169,ARCOVERDE,2014,11,7.9,-37.08,-8.41
170,ARCOVERDE,2014,12,7.9,-37.08,-8.41
171,ARCOVERDE,2015,1,1.1,-37.08,-8.41
172,ARCOVERDE,2015,2,70.89999999999999,-37.08,-8.41
173,ARCOVERDE,2015,3,35.7,-37.08,-8.41
174,ARCOVERDE,2015,4,10.0,-37.08,-8.41
175,ARCOVERDE,2015,5,20.0,-37.08,-8.41
176,ARCOVERDE,2015,6,67.19999999999999,-37.08,-8.41
177,ARCOVERDE,2015,7,91.30000000000001,-37.08,-8.41
178,ARCOVERDE,2015,8,28.499999999999996,-37.08,-8.41
179,ARCOVERDE,2015,9,15.0,-37.08,-8.41
180,ARCOVERDE,2015,10,0.0,-37.08,-8.41
181,ARCOVERDE,2015,11,0.0,-37.08,-8.41
182,ARCOVERDE,2015,12,54.2,-37.08,-8.41
183,ARCOVERDE,2016,1,211.0,-37.08,-8.41
184,ARCOVERDE,2016,2,96.6,-37.08,-8.41
185,ARCOVERDE,2016,3,30.0,-37.08,-8.41
186,ARCOVERDE,2016,4,19.099999999999998,-37.08,-8.41
187,ARCOVERDE,2016,5,197.2,-37.08,-8.41
188,ARCOVERDE,2016,6,17.2,-37.08,-8.41
189,ARCOVERDE,2016,7,11.2,-37.08,-8.41
190,ARCOVERDE,2016,8,6.199999999999999,-37.08,-8.41
191,ARCOVERDE,2016,9,0.3,-37.08,-8.41
192,ARCOVERDE,2016,10,0.0,-37.08,-8.41
193,ARCOVERDE,2016,11,0.0,-37.08,-8.41
194,ARCOVERDE,2016,12,4.4,-37.08,-8.41
195,ARCOVERDE,2017,1,0.0,-37.08,-8.41
196,ARCOVERDE,2017,2,3.8,-37.08,-8.41
197,ARCOVERDE,2017,3,17.5,-37.08,-8.41
198,ARCOVERDE,2017,4,50.2,-37.08,-8.41
199,ARCOVERDE,2017,5,140.50000000000003,-37.08,-8.41
200,ARCOVERDE,2017,6,106.5,-37.08,-8.41
201,ARCOVERDE,2017,7,199.3,-37.08,-8.41
202,ARCOVERDE,2017,8,37.8,-37.08,-8.41
203,ARCOVERDE,2017,9,80.0,-37.08,-8.41
204,ARCOVERDE,2017,10,2.5,-37.08,-8.41
205,ARCOVERDE,2017,11,0.0,-37.08,-8.41
206,ARCOVERDE,2017,12,14.399999999999999,-37.08,-8.41
207,CABROBÓ,2000,1,117.69999999999999,-39.33,-8.51
208,CABROBÓ,2000,2,150.7,-39.33,-8.51
209,CABROBÓ,2000,3,127.3,-39.33,-8.51
210,CABROBÓ,2000,4,55.7,-39.33,-8.51
211,CABROBÓ,2000,5,2.6,-39.33,-8.51
212,CABROBÓ,2000,7,8.0,-39.33,-8.51
213,CABROBÓ,2000,8,5.000000000000001,-39.33,-8.51
214,CABROBÓ,2000,9,7.100000000000001,-39.33,-8.51
215,CABROBÓ,2000,10,0.0,-39.33,-8.51
216,CABROBÓ,2000,11,17.1,-39.33,-8.51
217,CABROBÓ,2000,12,114.3,-39.33,-8.51
218,CABROBÓ,2001,1,1.7999999999999998,-39.33,-8.51
219,CABROBÓ,2001,2,70.2,-39.33,-8.51
220,CABROBÓ,2001,3,259.3,-39.33,-8.51
221,CABROBÓ,2001,4,8.8,-39.33,-8.51
222,CABROBÓ,2001,5,0.3,-39.33,-8.51
223,CABROBÓ,2001,7,5.399999999999999,-39.33,-8.51
224,CABROBÓ,2001,8,5.3,-39.33,-8.51
225,CABROBÓ,2001,9,0.0,-39.33,-8.51
226,CABROBÓ,2001,10,31.799999999999997,-39.33,-8.51
227,CABROBÓ,2001,11,0.0,-39.33,-8.51
228,CABROBÓ,2001,12,128.3,-39.33,-8.51
229,CABROBÓ,2002,1,214.60000000000002,-39.33,-8.51
230,CABROBÓ,2002,2,0.3,-39.33,-8.51
231,CABROBÓ,2002,3,105.10000000000001,-39.33,-8.51
232,CABROBÓ,2002,4,25.8,-39.33,-8.51
233,CABROBÓ,2002,5,10.1,-39.33,-8.51
234,CABROBÓ,2002,6,0.0,-39.33,-8.51
235,CABROBÓ,2002,7,8.2,-39.33,-8.51
236,CABROBÓ,2002,8,0.9000000000000001,-39.33,-8.51
237,CABROBÓ,2002,9,0.0,-39.33,-8.51
238,CABROBÓ,2002,10,0.0,-39.33,-8.51
239,CABROBÓ,2002,11,0.0,-39.33,-8.51
240,CABROBÓ,2002,12,99.3,-39.33,-8.51
241,CABROBÓ,2003,1,48.2,-39.33,-8.51
242,CABROBÓ,2003,2,23.5,-39.33,-8.51
243,CABROBÓ,2003,3,142.8,-39.33,-8.51
244,CABROBÓ,2003,4,99.7,-39.33,-8.51
245,CABROBÓ,2003,5,26.9,-39.33,-8.51
246,CABROBÓ,2003,7,9.9,-39.33,-8.51
247,CABROBÓ,2003,8,6.3,-39.33,-8.51
248,CABROBÓ,2003,9,0.2,-39.33,-8.51
249,CABROBÓ,2003,10,0.0,-39.33,-8.51
250,CABROBÓ,2003,11,2.3,-39.33,-8.51
251,CABROBÓ,2003,12,2.6,-39.33,-8.51
252,CABROBÓ,2004,1,502.7999999999999,-39.33,-8.51
253,CABROBÓ,2004,2,148.09999999999997,-39.33,-8.51
254,CABROBÓ,2004,3,62.199999999999996,-39.33,-8.51
255,CABROBÓ,2004,4,0.4,-39.33,-8.51
256,CABROBÓ,2004,5,18.6,-39.33,-8.51
257,CABROBÓ,2004,7,2.9,-39.33,-8.51
258,CABROBÓ,2004,8,1.9000000000000001,-39.33,-8.51
259,CABROBÓ,2004,9,0.8999999999999999,-39.33,-8.51
260,CABROBÓ,2004,10,0.4,-39.33,-8.51
261,CABROBÓ,2004,11,24.6,-39.33,-8.51
262,CABROBÓ,2004,12,34.4,-39.33,-8.51
263,CABROBÓ,2005,1,59.60000000000001,-39.33,-8.51
264,CABROBÓ,2005,2,138.4,-39.33,-8.51
265,CABROBÓ,2005,3,162.79999999999998,-39.33,-8.51
266,CABROBÓ,2005,5,76.69999999999997,-39.33,-8.51
267,CABROBÓ,2005,6,34.9,-39.33,-8.51
268,CABROBÓ,2005,7,9.899999999999999,-39.33,-8.51
269,CABROBÓ,2005,8,7.7,-39.33,-8.51
270,CABROBÓ,2005,9,0.7,-39.33,-8.51
271,CABROBÓ,2005,10,0.0,-39.33,-8.51
272,CABROBÓ,2005,11,153.7,-39.33,-8.51
273,CABROBÓ,2005,12,13.600000000000001,-39.33,-8.51
274,CABROBÓ,2006,1,0.0,-39.33,-8.51
275,CABROBÓ,2006,2,74.6,-39.33,-8.51
276,CABROBÓ,2006,3,248.29999999999998,-39.33,-8.51
277,CABROBÓ,2006,4,89.69999999999999,-39.33,-8.51
278,CABROBÓ,2006,5,12.3,-39.33,-8.51
279,CABROBÓ,2006,7,36.1,-39.33,-8.51
280,CABROBÓ,2006,8,2.6999999999999997,-39.33,-8.51
281,CABROBÓ,2006,9,4.5,-39.33,-8.51
282,CABROBÓ,2006,10,25.0,-39.33,-8.51
283,CABROBÓ,2006,11,38.4,-39.33,-8.51
284,CABROBÓ,2006,12,2.7,-39.33,-8.51
285,CABROBÓ,2007,1,40.199999999999996,-39.33,-8.51
286,CABROBÓ,2007,2,208.80000000000004,-39.33,-8.51
287,CABROBÓ,2007,3,109.8,-39.33,-8.51
288,CABROBÓ,2007,4,5.800000000000001,-39.33,-8.51
289,CABROBÓ,2007,5,110.10000000000001,-39.33,-8.51
290,CABROBÓ,2007,6,20.3,-39.33,-8.51
291,CABROBÓ,2007,7,1.2,-39.33,-8.51
292,CABROBÓ,2007,8,9.999999999999998,-39.33,-8.51
293,CABROBÓ,2007,9,2.0,-39.33,-8.51
294,CABROBÓ,2007,10,0.0,-39.33,-8.51
295,CABROBÓ,2007,11,6.0,-39.33,-8.51
296,CABROBÓ,2007,12,27.0,-39.33,-8.51
297,CABROBÓ,2008,1,49.9,-39.33,-8.51
298,CABROBÓ,2008,2,173.2,-39.33,-8.51
299,CABROBÓ,2008,3,212.4,-39.33,-8.51
300,CABROBÓ,2008,4,225.89999999999998,-39.33,-8.51
301,CABROBÓ,2008,5,13.099999999999998,-39.33,-8.51
302,CABROBÓ,2008,6,3.2,-39.33,-8.51
303,CABROBÓ,2008,7,0.0,-39.33,-8.51
304,CABROBÓ,2008,8,5.1,-39.33,-8.51
305,CABROBÓ,2008,9,0.6,-39.33,-8.51
306,CABROBÓ,2008,10,0.7,-39.33,-8.51
307,CABROBÓ,2008,11,0.0,-39.33,-8.51
308,CABROBÓ,2008,12,23.6,-39.33,-8.51
309,CABROBÓ,2009,1,205.90000000000003,-39.33,-8.51
310,CABROBÓ,2009,2,87.89999999999999,-39.33,-8.51
311,CABROBÓ,2009,3,108.69999999999999,-39.33,-8.51
312,CABROBÓ,2009,4,269.49999999999994,-39.33,-8.51
313,CABROBÓ,2009,5,70.00000000000001,-39.33,-8.51
314,CABROBÓ,2009,6,0.0,-39.33,-8.51
315,CABROBÓ,2009,7,4.1,-39.33,-8.51
316,CABROBÓ,2009,8,10.000000000000002,-39.33,-8.51
317,CABROBÓ,2009,9,13.6,-39.33,-8.51
318,CABROBÓ,2009,10,30.4,-39.33,-8.51
319,CABROBÓ,2009,11,8.0,-39.33,-8.51
320,CABROBÓ,2009,12,33.0,-39.33,-8.51
321,CABROBÓ,2010,1,34.29999999999999,-39.33,-8.51
322,CABROBÓ,2010,2,64.4,-39.33,-8.51
323,CABROBÓ,2010,3,50.6,-39.33,-8.51
324,CABROBÓ,2010,4,97.5,-39.33,-8.51
325,CABROBÓ,2010,9,3.8,-39.33,-8.51
326,CABROBÓ,2010,10,106.8,-39.33,-8.51
327,CABROBÓ,2010,12,86.1,-39.33,-8.51
328,CABROBÓ,2011,1,71.4,-39.33,-8.51
329,CABROBÓ,2011,2,157.5,-39.33,-8.51
330,CABROBÓ,2011,3,92.9,-39.33,-8.51
331,CABROBÓ,2011,4,26.5,-39.33,-8.51
332,CABROBÓ,2011,5,111.7,-39.33,-8.51
333,CABROBÓ,2011,6,7.499999999999999,-39.33,-8.51
334,CABROBÓ,2011,7,24.9,-39.33,-8.51
335,CABROBÓ,2011,8,5.4,-39.33,-8.51
336,CABROBÓ,2011,9,4.8,-39.33,-8.51
337,CABROBÓ,2011,10,8.2,-39.33,-8.51
338,CABROBÓ,2011,11,25.2,-39.33,-8.51
339,CABROBÓ,2011,12,50.0,-39.33,-8.51
340,CABROBÓ,2012,1,11.5,-39.33,-8.51
341,CABROBÓ,2012,2,117.7,-39.33,-8.51
342,CABROBÓ,2012,3,16.8,-39.33,-8.51
343,CABROBÓ,2012,4,0.0,-39.33,-8.51
344,CABROBÓ,2012,5,11.8,-39.33,-8.51
345,CABROBÓ,2012,6,3.4,-39.33,-8.51
346,CABROBÓ,2012,7,15.5,-39.33,-8.51
347,CABROBÓ,2012,8,8.7,-39.33,-8.51
348,CABROBÓ,2012,9,1.0,-39.33,-8.51
349,CABROBÓ,2012,10,0.0,-39.33,-8.51
350,CABROBÓ,2012,11,7.9,-39.33,-8.51
351,CABROBÓ,2012,12,0.8,-39.33,-8.51
352,CABROBÓ,2013,1,49.29999999999999,-39.33,-8.51
353,CABROBÓ,2013,2,0.0,-39.33,-8.51
354,CABROBÓ,2013,3,0.8,-39.33,-8.51
355,CABROBÓ,2013,4,57.9,-39.33,-8.51
356,CABROBÓ,2013,5,5.0,-39.33,-8.51
357,CABROBÓ,2013,6,0.8,-39.33,-8.51
358,CABROBÓ,2013,7,14.099999999999998,-39.33,-8.51
359,CABROBÓ,2013,8,1.8,-39.33,-8.51
360,CABROBÓ,2013,9,0.0,-39.33,-8.51
361,CABROBÓ,2013,10,5.2,-39.33,-8.51
362,CABROBÓ,2013,11,1.3,-39.33,-8.51
363,CABROBÓ,2013,12,200.00000000000003,-39.33,-8.51
364,CABROBÓ,2014,1,6.800000000000001,-39.33,-8.51
365,CABROBÓ,2014,2,28.4,-39.33,-8.51
366,CABROBÓ,2014,3,12.600000000000001,-39.33,-8.51
367,CABROBÓ,2014,4,48.7,-39.33,-8.51
368,CABROBÓ,2014,5,19.9,-39.33,-8.51
369,CABROBÓ,2014,6,9.0,-39.33,-8.51
370,CABROBÓ,2014,7,8.9,-39.33,-8.51
371,CABROBÓ,2014,8,14.899999999999999,-39.33,-8.51
372,CABROBÓ,2014,9,5.4,-39.33,-8.51
373,CABROBÓ,2014,10,3.0,-39.33,-8.51
374,CABROBÓ,2014,11,31.200000000000003,-39.33,-8.51
375,CABROBÓ,2014,12,46.4,-39.33,-8.51
376,CABROBÓ,2015,1,4.0,-39.33,-8.51
377,CABROBÓ,2015,2,68.0,-39.33,-8.51
378,CABROBÓ,2015,3,119.3,-39.33,-8.51
379,CABROBÓ,2015,4,16.299999999999997,-39.33,-8.51
380,CABROBÓ,2015,5,7.199999999999999,-39.33,-8.51
381,CABROBÓ,2015,6,12.6,-39.33,-8.51
382,CABROBÓ,2015,7,22.4,-39.33,-8.51
383,CABROBÓ,2015,8,1.2,-39.33,-8.51
384,CABROBÓ,2015,9,0.4,-39.33,-8.51
385,CABROBÓ,2015,10,0.0,-39.33,-8.51
386,CABROBÓ,2015,11,0.0,-39.33,-8.51
387,CABROBÓ,2015,12,16.0,-39.33,-8.51
388,CABROBÓ,2016,1,216.29999999999998,-39.33,-8.51
389,CABROBÓ,2016,2,38.2,-39.33,-8.51
390,CABROBÓ,2016,3,81.80000000000001,-39.33,-8.51
391,CABROBÓ,2016,4,1.5999999999999999,-39.33,-8.51
392,CABROBÓ,2016,5,180.2,-39.33,-8.51
393,CABROBÓ,2016,6,24.400000000000002,-39.33,-8.51
394,CABROBÓ,2016,7,3.5999999999999996,-39.33,-8.51
395,CABROBÓ,2016,8,2.6,-39.33,-8.51
396,CABROBÓ,2016,9,0.2,-39.33,-8.51
397,CABROBÓ,2016,10,1.0,-39.33,-8.51
398,CABROBÓ,2016,11,0.8,-39.33,-8.51
399,CABROBÓ,2016,12,50.4,-39.33,-8.51
400,CABROBÓ,2017,1,0.0,-39.33,-8.51
401,CABROBÓ,2017,2,94.00000000000001,-39.33,-8.51
402,CABROBÓ,2017,3,16.8,-39.33,-8.51
403,CABROBÓ,2017,4,16.6,-39.33,-8.51
404,CABROBÓ,2017,5,5.3999999999999995,-39.33,-8.51
405,CABROBÓ,2017,6,44.99999999999999,-39.33,-8.51
406,CABROBÓ,2017,7,25.799999999999997,-39.33,-8.51
407,CABROBÓ,2017,8,0.0,-39.33,-8.51
408,CABROBÓ,2017,9,13.799999999999999,-39.33,-8.51
409,CABROBÓ,2017,10,0.3,-39.33,-8.51
410,CABROBÓ,2017,11,8.3,-39.33,-8.51
411,CABROBÓ,2017,12,8.4,-39.33,-8.51
412,OURICURI,2000,1,0.0,-40.04,-7.9
413,OURICURI,2000,2,110.5,-40.04,-7.9
414,OURICURI,2000,3,91.90000000000002,-40.04,-7.9
415,OURICURI,2000,4,80.39999999999999,-40.04,-7.9
416,OURICURI,2000,5,0.30000000000000004,-40.04,-7.9
417,OURICURI,2000,6,8.4,-40.04,-7.9
418,OURICURI,2000,7,5.1000000000000005,-40.04,-7.9
419,OURICURI,2000,8,4.4,-40.04,-7.9
420,OURICURI,2000,9,1.2,-40.04,-7.9
421,OURICURI,2000,10,0.0,-40.04,-7.9
422,OURICURI,2000,11,59.300000000000004,-40.04,-7.9
423,OURICURI,2000,12,125.80000000000001,-40.04,-7.9
424,OURICURI,2001,1,32.9,-40.04,-7.9
425,OURICURI,2001,2,71.8,-40.04,-7.9
426,OURICURI,2001,3,248.10000000000002,-40.04,-7.9
427,OURICURI,2001,4,28.200000000000003,-40.04,-7.9
428,OURICURI,2001,5,4.0,-40.04,-7.9
429,OURICURI,2001,6,2.1,-40.04,-7.9
430,OURICURI,2001,7,2.1,-40.04,-7.9
431,OURICURI,2001,8,3.9999999999999996,-40.04,-7.9
432,OURICURI,2001,9,0.0,-40.04,-7.9
433,OURICURI,2001,10,27.1,-40.04,-7.9
434,OURICURI,2001,11,1.3,-40.04,-7.9
435,OURICURI,2001,12,205.9,-40.04,-7.9
436,OURICURI,2002,1,370.30000000000007,-40.04,-7.9
437,OURICURI,2002,2,24.9,-40.04,-7.9
438,OURICURI,2002,3,38.2,-40.04,-7.9
439,OURICURI,2002,4,38.0,-40.04,-7.9
440,OURICURI,2002,5,5.6000000000000005,-40.04,-7.9
441,OURICURI,2002,6,9.600000000000001,-40.04,-7.9
442,OURICURI,2002,7,26.6,-40.04,-7.9
443,OURICURI,2002,8,3.0,-40.04,-7.9
444,OURICURI,2002,9,0.0,-40.04,-7.9
445,OURICURI,2002,10,0.0,-40.04,-7.9
446,OURICURI,2002,11,1.5,-40.04,-7.9
447,OURICURI,2002,12,161.20000000000002,-40.04,-7.9
448,OURICURI,2003,1,71.7,-40.04,-7.9
449,OURICURI,2003,2,42.5,-40.04,-7.9
450,OURICURI,2003,3,151.89999999999998,-40.04,-7.9
451,OURICURI,2003,4,29.200000000000003,-40.04,-7.9
452,OURICURI,2003,5,28.900000000000002,-40.04,-7.9
453,OURICURI,2003,6,0.3,-40.04,-7.9
454,OURICURI,2003,7,7.1000000000000005,-40.04,-7.9
455,OURICURI,2003,8,4.5,-40.04,-7.9
456,OURICURI,2003,9,0.0,-40.04,-7.9
457,OURICURI,2003,10,0.0,-40.04,-7.9
458,OURICURI,2003,11,8.4,-40.04,-7.9
459,OURICURI,2003,12,8.799999999999999,-40.04,-7.9
460,OURICURI,2004,2,260.9,-40.04,-7.9
461,OURICURI,2004,3,13.3,-40.04,-7.9
462,OURICURI,2004,4,11.2,-40.04,-7.9
463,OURICURI,2004,5,55.50000000000001,-40.04,-7.9
464,OURICURI,2004,6,3.2,-40.04,-7.9
465,OURICURI,2004,7,0.3,-40.04,-7.9
466,OURICURI,2004,8,1.4,-40.04,-7.9
467,OURICURI,2004,9,0.0,-40.04,-7.9
468,OURICURI,2004,10,0.0,-40.04,-7.9
469,OURICURI,2004,11,21.4,-40.04,-7.9
470,OURICURI,2004,12,36.3,-40.04,-7.9
471,OURICURI,2005,1,210.09999999999997,-40.04,-7.9
472,OURICURI,2005,2,7.9,-40.04,-7.9
473,OURICURI,2005,3,279.1,-40.04,-7.9
474,OURICURI,2005,4,23.5,-40.04,-7.9
475,OURICURI,2005,5,84.39999999999999,-40.04,-7.9
476,OURICURI,2005,7,5.2,-40.04,-7.9
477,OURICURI,2005,8,9.0,-40.04,-7.9
478,OURICURI,2005,9,0.8999999999999999,-40.04,-7.9
479,OURICURI,2005,10,1.7,-40.04,-7.9
480,OURICURI,2005,11,176.89999999999998,-40.04,-7.9
481,OURICURI,2005,12,187.9,-40.04,-7.9
482,OURICURI,2006,1,0.0,-40.04,-7.9
483,OURICURI,2006,2,139.59999999999997,-40.04,-7.9
484,OURICURI,2006,3,142.79999999999998,-40.04,-7.9
485,OURICURI,2006,4,147.29999999999998,-40.04,-7.9
486,OURICURI,2006,6,11.9,-40.04,-7.9
487,OURICURI,2006,7,34.4,-40.04,-7.9
488,OURICURI,2006,8,2.8,-40.04,-7.9
489,OURICURI,2006,9,0.0,-40.04,-7.9
490,OURICURI,2006,10,12.9,-40.04,-7.9
491,OURICURI,2006,11,27.2,-40.04,-7.9
492,OURICURI,2006,12,0.5,-40.04,-7.9
493,OURICURI,2007,1,18.900000000000002,-40.04,-7.9
494,OURICURI,2007,2,404.3,-40.04,-7.9
495,OURICURI,2007,3,118.3,-40.04,-7.9
496,OURICURI,2007,4,5.5,-40.04,-7.9
497,OURICURI,2007,5,110.9,-40.04,-7.9
498,OURICURI,2007,6,4.8,-40.04,-7.9
499,OURICURI,2007,7,2.0,-40.04,-7.9
500,OURICURI,2007,9,2.6000000000000005,-40.04,-7.9
501,OURICURI,2007,10,0.0,-40.04,-7.9
502,OURICURI,2007,11,3.4,-40.04,-7.9
503,OURICURI,2007,12,19.400000000000002,-40.04,-7.9
504,OURICURI,2008,1,29.0,-40.04,-7.9
505,OURICURI,2008,2,96.4,-40.04,-7.9
506,OURICURI,2008,3,272.3,-40.04,-7.9
507,OURICURI,2008,4,107.8,-40.04,-7.9
508,OURICURI,2008,5,22.900000000000002,-40.04,-7.9
509,OURICURI,2008,6,0.2,-40.04,-7.9
510,OURICURI,2008,7,17.200000000000003,-40.04,-7.9
511,OURICURI,2008,8,0.8,-40.04,-7.9
512,OURICURI,2008,10,0.0,-40.04,-7.9
513,OURICURI,2008,11,1.5,-40.04,-7.9
514,OURICURI,2008,12,53.60000000000001,-40.04,-7.9
515,OURICURI,2009,1,100.3,-40.04,-7.9
516,OURICURI,2009,2,127.8,-40.04,-7.9
517,OURICURI,2009,3,203.1,-40.04,-7.9
518,OURICURI,2009,4,241.60000000000002,-40.04,-7.9
519,OURICURI,2009,5,88.2,-40.04,-7.9
520,OURICURI,2009,6,17.8,-40.04,-7.9
521,OURICURI,2009,7,9.700000000000001,-40.04,-7.9
522,OURICURI,2009,8,7.3,-40.04,-7.9
523,OURICURI,2009,9,0.0,-40.04,-7.9
524,OURICURI,2009,10,38.7,-40.04,-7.9
525,OURICURI,2009,11,11.9,-40.04,-7.9
526,OURICURI,2009,12,178.39999999999998,-40.04,-7.9
527,OURICURI,2010,1,179.7,-40.04,-7.9
528,OURICURI,2010,2,21.600000000000005,-40.04,-7.9
529,OURICURI,2010,3,107.4,-40.04,-7.9
530,OURICURI,2010,4,249.50000000000006,-40.04,-7.9
531,OURICURI,2010,5,0.9000000000000001,-40.04,-7.9
532,OURICURI,2010,6,19.299999999999997,-40.04,-7.9
533,OURICURI,2010,7,6.300000000000001,-40.04,-7.9
534,OURICURI,2010,8,2.2,-40.04,-7.9
535,OURICURI,2010,9,3.8,-40.04,-7.9
536,OURICURI,2010,10,36.0,-40.04,-7.9
537,OURICURI,2010,11,0.0,-40.04,-7.9
538,OURICURI,2010,12,111.90000000000002,-40.04,-7.9
539,OURICURI,2011,1,81.89999999999999,-40.04,-7.9
540,OURICURI,2011,2,95.69999999999999,-40.04,-7.9
541,OURICURI,2011,3,135.3,-40.04,-7.9
542,OURICURI,2011,4,88.1,-40.04,-7.9
543,OURICURI,2011,5,167.70000000000002,-40.04,-7.9
544,OURICURI,2011,6,11.9,-40.04,-7.9
545,OURICURI,2011,7,11.200000000000001,-40.04,-7.9
546,OURICURI,2011,8,26.400000000000002,-40.04,-7.9
547,OURICURI,2011,9,2.3,-40.04,-7.9
548,OURICURI,2011,10,59.1,-40.04,-7.9
549,OURICURI,2011,11,55.1,-40.04,-7.9
550,OURICURI,2011,12,44.2,-40.04,-7.9
551,OURICURI,2012,1,53.2,-40.04,-7.9
552,OURICURI,2012,2,76.1,-40.04,-7.9
553,OURICURI,2012,3,14.9,-40.04,-7.9
554,OURICURI,2012,4,3.6,-40.04,-7.9
555,OURICURI,2012,5,3.4,-40.04,-7.9
556,OURICURI,2012,6,0.0,-40.04,-7.9
557,OURICURI,2012,7,12.6,-40.04,-7.9
558,OURICURI,2012,8,2.2,-40.04,-7.9
559,OURICURI,2012,9,1.4,-40.04,-7.9
560,OURICURI,2012,10,0.5,-40.04,-7.9
561,OURICURI,2012,11,25.3,-40.04,-7.9
562,OURICURI,2012,12,6.699999999999999,-40.04,-7.9
563,OURICURI,2013,1,141.29999999999998,-40.04,-7.9
564,OURICURI,2013,2,1.1,-40.04,-7.9
565,OURICURI,2013,3,49.900000000000006,-40.04,-7.9
566,OURICURI,2013,4,89.0,-40.04,-7.9
567,OURICURI,2013,5,13.3,-40.04,-7.9
568,OURICURI,2013,6,1.5000000000000002,-40.04,-7.9
569,OURICURI,2013,7,30.5,-40.04,-7.9
570,OURICURI,2013,8,0.3,-40.04,-7.9
571,OURICURI,2013,9,0.0,-40.04,-7.9
572,OURICURI,2013,10,0.4,-40.04,-7.9
573,OURICURI,2013,11,2.6999999999999997,-40.04,-7.9
574,OURICURI,2013,12,97.39999999999999,-40.04,-7.9
575,OURICURI,2014,1,29.200000000000003,-40.04,-7.9
576,OURICURI,2014,2,135.9,-40.04,-7.9
577,OURICURI,2014,3,107.7,-40.04,-7.9
578,OURICURI,2014,4,78.7,-40.04,-7.9
579,OURICURI,2014,5,25.599999999999998,-40.04,-7.9
580,OURICURI,2014,6,5.699999999999999,-40.04,-7.9
581,OURICURI,2014,7,7.3,-40.04,-7.9
582,OURICURI,2014,8,0.4,-40.04,-7.9
583,OURICURI,2014,9,0.7,-40.04,-7.9
584,OURICURI,2014,10,11.1,-40.04,-7.9
585,OURICURI,2014,11,23.300000000000004,-40.04,-7.9
586,OURICURI,2014,12,99.19999999999999,-40.04,-7.9
587,OURICURI,2015,1,8.1,-40.04,-7.9
588,OURICURI,2015,2,99.0,-40.04,-7.9
589,OURICURI,2015,3,214.20000000000007,-40.04,-7.9
590,OURICURI,2015,4,56.0,-40.04,-7.9
591,OURICURI,2015,5,115.2,-40.04,-7.9
592,OURICURI,2015,6,5.999999999999999,-40.04,-7.9
593,OURICURI,2015,7,23.0,-40.04,-7.9
594,OURICURI,2015,8,1.1,-40.04,-7.9
595,OURICURI,2015,9,0.1,-40.04,-7.9
596,OURICURI,2015,10,0.3,-40.04,-7.9
597,OURICURI,2015,11,0.0,-40.04,-7.9
598,OURICURI,2015,12,2.7,-40.04,-7.9
599,OURICURI,2016,1,110.19999999999999,-40.04,-7.9
600,OURICURI,2016,2,10.600000000000001,-40.04,-7.9
601,OURICURI,2016,3,39.599999999999994,-40.04,-7.9
602,OURICURI,2016,4,9.8,-40.04,-7.9
603,OURICURI,2016,5,53.4,-40.04,-7.9
604,OURICURI,2016,6,16.5,-40.04,-7.9
605,OURICURI,2016,7,2.8,-40.04,-7.9
606,OURICURI,2016,8,0.6,-40.04,-7.9
607,OURICURI,2016,9,0.5,-40.04,-7.9
608,OURICURI,2016,10,0.0,-40.04,-7.9
609,OURICURI,2016,11,10.5,-40.04,-7.9
610,OURICURI,2016,12,41.20000000000001,-40.04,-7.9
611,OURICURI,2017,1,32.699999999999996,-40.04,-7.9
612,OURICURI,2017,2,126.0,-40.04,-7.9
613,OURICURI,2017,3,46.0,-40.04,-7.9
614,OURICURI,2017,4,101.30000000000003,-40.04,-7.9
615,OURICURI,2017,5,9.6,-40.04,-7.9
616,OURICURI,2017,6,30.599999999999998,-40.04,-7.9
617,OURICURI,2017,7,20.699999999999996,-40.04,-7.9
618,OURICURI,2017,8,1.7,-40.04,-7.9
619,OURICURI,2017,9,6.000000000000001,-40.04,-7.9
620,OURICURI,2017,10,0.0,-40.04,-7.9
621,OURICURI,2017,11,79.4,-40.04,-7.9
622,OURICURI,2017,12,14.5,-40.04,-7.9
623,PETROLINA,2000,1,76.60000000000001,-40.46,-9.36
624,PETROLINA,2000,2,170.4,-40.46,-9.36
625,PETROLINA,2000,3,57.300000000000004,-40.46,-9.36
626,PETROLINA,2000,4,67.19999999999999,-40.46,-9.36
627,PETROLINA,2000,5,12.6,-40.46,-9.36
628,PETROLINA,2000,6,8.2,-40.46,-9.36
629,PETROLINA,2000,7,0.4,-40.46,-9.36
630,PETROLINA,2000,8,0.0,-40.46,-9.36
631,PETROLINA,2000,9,3.0,-40.46,-9.36
632,PETROLINA,2000,10,6.6,-40.46,-9.36
633,PETROLINA,2000,11,125.3,-40.46,-9.36
634,PETROLINA,2000,12,109.7,-40.46,-9.36
635,PETROLINA,2001,1,9.600000000000001,-40.46,-9.36
636,PETROLINA,2001,2,70.69999999999999,-40.46,-9.36
637,PETROLINA,2001,3,106.99999999999999,-40.46,-9.36
638,PETROLINA,2001,4,0.4,-40.46,-9.36
639,PETROLINA,2001,5,0.4,-40.46,-9.36
640,PETROLINA,2001,6,41.300000000000004,-40.46,-9.36
641,PETROLINA,2001,7,7.2,-40.46,-9.36
642,PETROLINA,2001,8,1.2,-40.46,-9.36
643,PETROLINA,2001,9,20.8,-40.46,-9.36
644,PETROLINA,2001,10,0.0,-40.46,-9.36
645,PETROLINA,2001,11,1.8,-40.46,-9.36
646,PETROLINA,2001,12,67.2,-40.46,-9.36
647,PETROLINA,2002,1,256.4,-40.46,-9.36
648,PETROLINA,2002,2,38.3,-40.46,-9.36
649,PETROLINA,2002,3,4.2,-40.46,-9.36
650,PETROLINA,2002,4,20.3,-40.46,-9.36
651,PETROLINA,2002,5,10.3,-40.46,-9.36
652,PETROLINA,2002,6,2.5999999999999996,-40.46,-9.36
653,PETROLINA,2002,7,1.5999999999999999,-40.46,-9.36
654,PETROLINA,2002,8,0.0,-40.46,-9.36
655,PETROLINA,2002,9,1.6,-40.46,-9.36
656,PETROLINA,2002,10,0.0,-40.46,-9.36
657,PETROLINA,2002,11,11.7,-40.46,-9.36
658,PETROLINA,2002,12,74.19999999999999,-40.46,-9.36
659,PETROLINA,2003,1,134.39999999999998,-40.46,-9.36
660,PETROLINA,2003,2,1.5999999999999999,-40.46,-9.36
661,PETROLINA,2003,3,101.4,-40.46,-9.36
662,PETROLINA,2003,4,43.9,-40.46,-9.36
663,PETROLINA,2003,5,0.6000000000000001,-40.46,-9.36
664,PETROLINA,2003,6,0.0,-40.46,-9.36
665,PETROLINA,2003,7,0.8,-40.46,-9.36
666,PETROLINA,2003,8,0.4,-40.46,-9.36
667,PETROLINA,2003,9,3.8,-40.46,-9.36
668,PETROLINA,2003,10,3.8,-40.46,-9.36
669,PETROLINA,2003,11,40.2,-40.46,-9.36
670,PETROLINA,2003,12,44.6,-40.46,-9.36
671,PETROLINA,2004,1,416.79999999999995,-40.46,-9.36
672,PETROLINA,2004,2,138.60000000000002,-40.46,-9.36
673,PETROLINA,2004,3,73.80000000000001,-40.46,-9.36
674,PETROLINA,2004,4,27.799999999999997,-40.46,-9.36
675,PETROLINA,2004,5,17.599999999999998,-40.46,-9.36
676,PETROLINA,2004,6,0.0,-40.46,-9.36
677,PETROLINA,2004,7,0.8,-40.46,-9.36
678,PETROLINA,2004,8,0.0,-40.46,-9.36
679,PETROLINA,2004,9,0.0,-40.46,-9.36
680,PETROLINA,2004,10,6.6,-40.46,-9.36
681,PETROLINA,2004,11,7.0,-40.46,-9.36
682,PETROLINA,2004,12,2.4,-40.46,-9.36
683,PETROLINA,2005,1,35.5,-40.46,-9.36
684,PETROLINA,2005,2,151.0,-40.46,-9.36
685,PETROLINA,2005,3,69.19999999999999,-40.46,-9.36
686,PETROLINA,2005,4,28.999999999999996,-40.46,-9.36
687,PETROLINA,2005,5,21.599999999999994,-40.46,-9.36
688,PETROLINA,2005,6,18.999999999999996,-40.46,-9.36
689,PETROLINA,2005,7,4.4,-40.46,-9.36
690,PETROLINA,2005,8,3.8,-40.46,-9.36
691,PETROLINA,2005,9,0.0,-40.46,-9.36
692,PETROLINA,2005,10,0.0,-40.46,-9.36
693,PETROLINA,2005,11,58.8,-40.46,-9.36
694,PETROLINA,2005,12,16.6,-40.46,-9.36
695,PETROLINA,2006,1,0.0,-40.46,-9.36
696,PETROLINA,2006,2,29.200000000000003,-40.46,-9.36
697,PETROLINA,2006,3,139.9,-40.46,-9.36
698,PETROLINA,2006,4,51.699999999999996,-40.46,-9.36
699,PETROLINA,2006,5,29.400000000000002,-40.46,-9.36
700,PETROLINA,2006,6,3.0999999999999996,-40.46,-9.36
701,PETROLINA,2006,7,4.8,-40.46,-9.36
702,PETROLINA,2006,8,2.2,-40.46,-9.36
703,PETROLINA,2006,9,7.0,-40.46,-9.36
704,PETROLINA,2006,10,19.1,-40.46,-9.36
705,PETROLINA,2006,11,46.699999999999996,-40.46,-9.36
706,PETROLINA,2006,12,37.199999999999996,-40.46,-9.36
707,PETROLINA,2007,1,0.2,-40.46,-9.36
708,PETROLINA,2007,2,227.8,-40.46,-9.36
709,PETROLINA,2007,3,7.800000000000001,-40.46,-9.36
710,PETROLINA,2007,4,77.3,-40.46,-9.36
711,PETROLINA,2007,5,0.7,-40.46,-9.36
712,PETROLINA,2007,6,1.9,-40.46,-9.36
713,PETROLINA,2007,7,3.0,-40.46,-9.36
714,PETROLINA,2007,8,3.3000000000000003,-40.46,-9.36
715,PETROLINA,2007,9,0.3,-40.46,-9.36
716,PETROLINA,2007,10,0.0,-40.46,-9.36
717,PETROLINA,2007,11,30.5,-40.46,-9.36
718,PETROLINA,2007,12,23.2,-40.46,-9.36
719,PETROLINA,2008,1,74.6,-40.46,-9.36
720,PETROLINA,2008,2,151.2,-40.46,-9.36
721,PETROLINA,2008,3,275.20000000000005,-40.46,-9.36
722,PETROLINA,2008,4,75.9,-40.46,-9.36
723,PETROLINA,2008,5,3.1,-40.46,-9.36
724,PETROLINA,2008,6,5.7,-40.46,-9.36
725,PETROLINA,2008,7,0.2,-40.46,-9.36
726,PETROLINA,2008,8,0.0,-40.46,-9.36
727,PETROLINA,2008,9,0.0,-40.46,-9.36
728,PETROLINA,2008,10,0.0,-40.46,-9.36
729,PETROLINA,2008,11,0.0,-40.46,-9.36
730,PETROLINA,2008,12,63.10000000000001,-40.46,-9.36
731,PETROLINA,2009,1,40.400000000000006,-40.46,-9.36
732,PETROLINA,2009,2,140.39999999999998,-40.46,-9.36
733,PETROLINA,2009,3,145.4,-40.46,-9.36
734,PETROLINA,2009,4,181.2,-40.46,-9.36
735,PETROLINA,2009,5,59.300000000000004,-40.46,-9.36
736,PETROLINA,2009,6,8.1,-40.46,-9.36
737,PETROLINA,2009,7,3.4,-40.46,-9.36
738,PETROLINA,2009,8,3.4000000000000004,-40.46,-9.36
739,PETROLINA,2009,9,0.0,-40.46,-9.36
740,PETROLINA,2009,10,106.1,-40.46,-9.36
741,PETROLINA,2009,11,0.0,-40.46,-9.36
742,PETROLINA,2009,12,60.00000000000001,-40.46,-9.36
743,PETROLINA,2010,1,28.299999999999997,-40.46,-9.36
744,PETROLINA,2010,2,28.4,-40.46,-9.36
745,PETROLINA,2010,3,26.799999999999997,-40.46,-9.36
746,PETROLINA,2010,4,84.2,-40.46,-9.36
747,PETROLINA,2010,5,9.6,-40.46,-9.36
748,PETROLINA,2010,6,10.3,-40.46,-9.36
749,PETROLINA,2010,7,21.599999999999998,-40.46,-9.36
750,PETROLINA,2010,8,0.0,-40.46,-9.36
751,PETROLINA,2010,9,4.0,-40.46,-9.36
752,PETROLINA,2010,10,54.0,-40.46,-9.36
753,PETROLINA,2010,11,1.1,-40.46,-9.36
754,PETROLINA,2010,12,151.2,-40.46,-9.36
755,PETROLINA,2011,1,62.19999999999999,-40.46,-9.36
756,PETROLINA,2011,2,66.4,-40.46,-9.36
757,PETROLINA,2011,3,63.50000000000001,-40.46,-9.36
758,PETROLINA,2011,4,47.00000000000001,-40.46,-9.36
759,PETROLINA,2011,5,9.399999999999999,-40.46,-9.36
760,PETROLINA,2011,6,0.0,-40.46,-9.36
761,PETROLINA,2011,7,0.0,-40.46,-9.36
762,PETROLINA,2011,8,5.800000000000001,-40.46,-9.36
763,PETROLINA,2011,9,0.0,-40.46,-9.36
764,PETROLINA,2011,10,9.4,-40.46,-9.36
765,PETROLINA,2011,11,8.5,-40.46,-9.36
766,PETROLINA,2011,12,10.7,-40.46,-9.36
767,PETROLINA,2012,1,28.9,-40.46,-9.36
768,PETROLINA,2012,2,85.2,-40.46,-9.36
769,PETROLINA,2012,3,0.2,-40.46,-9.36
770,PETROLINA,2012,4,0.0,-40.46,-9.36
771,PETROLINA,2012,5,0.4,-40.46,-9.36
772,PETROLINA,2012,6,2.3,-40.46,-9.36
773,PETROLINA,2012,7,1.2,-40.46,-9.36
774,PETROLINA,2012,8,1.7999999999999998,-40.46,-9.36
775,PETROLINA,2012,9,0.0,-40.46,-9.36
776,PETROLINA,2012,10,0.0,-40.46,-9.36
777,PETROLINA,2012,11,19.3,-40.46,-9.36
778,PETROLINA,2012,12,1.8,-40.46,-9.36
779,PETROLINA,2013,1,30.0,-40.46,-9.36
780,PETROLINA,2013,2,0.0,-40.46,-9.36
781,PETROLINA,2013,3,54.800000000000004,-40.46,-9.36
782,PETROLINA,2013,4,33.8,-40.46,-9.36
783,PETROLINA,2013,5,1.8,-40.46,-9.36
784,PETROLINA,2013,6,6.8,-40.46,-9.36
785,PETROLINA,2013,7,13.6,-40.46,-9.36
786,PETROLINA,2013,8,4.6,-40.46,-9.36
787,PETROLINA,2013,9,0.4,-40.46,-9.36
788,PETROLINA,2013,10,0.0,-40.46,-9.36
789,PETROLINA,2013,11,33.6,-40.46,-9.36
790,PETROLINA,2013,12,155.0,-40.46,-9.36
791,PETROLINA,2014,1,28.6,-40.46,-9.36
792,PETROLINA,2014,2,37.5,-40.46,-9.36
793,PETROLINA,2014,3,56.699999999999996,-40.46,-9.36
794,PETROLINA,2014,4,179.79999999999998,-40.46,-9.36
795,PETROLINA,2014,5,1.6,-40.46,-9.36
796,PETROLINA,2014,6,1.3,-40.46,-9.36
797,PETROLINA,2014,7,26.3,-40.46,-9.36
798,PETROLINA,2014,8,2.4,-40.46,-9.36
799,PETROLINA,2014,9,7.2,-40.46,-9.36
800,PETROLINA,2014,10,0.0,-40.46,-9.36
801,PETROLINA,2014,11,91.4,-40.46,-9.36
802,PETROLINA,2014,12,47.900000000000006,-40.46,-9.36
803,PETROLINA,2015,1,12.0,-40.46,-9.36
804,PETROLINA,2015,2,34.6,-40.46,-9.36
805,PETROLINA,2015,3,27.099999999999998,-40.46,-9.36
806,PETROLINA,2015,4,78.20000000000002,-40.46,-9.36
807,PETROLINA,2015,5,0.8,-40.46,-9.36
808,PETROLINA,2015,6,2.4000000000000004,-40.46,-9.36
809,PETROLINA,2015,7,2.6,-40.46,-9.36
810,PETROLINA,2015,8,0.1,-40.46,-9.36
811,PETROLINA,2015,9,0.0,-40.46,-9.36
812,PETROLINA,2015,10,13.7,-40.46,-9.36
813,PETROLINA,2015,11,0.0,-40.46,-9.36
814,PETROLINA,2015,12,3.5999999999999996,-40.46,-9.36
815,PETROLINA,2016,1,281.9,-40.46,-9.36
816,PETROLINA,2016,2,26.0,-40.46,-9.36
817,PETROLINA,2016,3,12.5,-40.46,-9.36
818,PETROLINA,2016,4,2.7,-40.46,-9.36
819,PETROLINA,2016,5,0.2,-40.46,-9.36
820,PETROLINA,2016,6,1.2,-40.46,-9.36
821,PETROLINA,2016,7,1.0,-40.46,-9.36
822,PETROLINA,2016,8,0.6000000000000001,-40.46,-9.36
823,PETROLINA,2016,9,0.0,-40.46,-9.36
824,PETROLINA,2016,10,0.2,-40.46,-9.36
825,PETROLINA,2016,11,16.5,-40.46,-9.36
826,PETROLINA,2016,12,11.600000000000001,-40.46,-9.36
827,PETROLINA,2017,1,0.0,-40.46,-9.36
828,PETROLINA,2017,2,81.5,-40.46,-9.36
829,PETROLINA,2017,3,10.2,-40.46,-9.36
830,PETROLINA,2017,4,7.699999999999999,-40.46,-9.36
831,PETROLINA,2017,5,3.0,-40.46,-9.36
832,PETROLINA,2017,6,2.6,-40.46,-9.36
833,PETROLINA,2017,7,0.30000000000000004,-40.46,-9.36
834,PETROLINA,2017,8,0.0,-40.46,-9.36
835,PETROLINA,2017,9,6.300000000000001,-40.46,-9.36
836,PETROLINA,2017,10,0.0,-40.46,-9.36
837,PETROLINA,2017,11,22.2,-40.46,-9.36
838,PETROLINA,2017,12,13.6,-40.46,-9.36
839,RECIFE,2000,1,276.40000000000003,-34.95,-8.05
840,RECIFE,2000,2,87.89999999999999,-34.95,-8.05
841,RECIFE,2000,3,174.1,-34.95,-8.05
842,RECIFE,2000,4,435.4000000000001,-34.95,-8.05
843,RECIFE,2000,5,265.40000000000003,-34.95,-8.05
844,RECIFE,2000,6,562.9,-34.95,-8.05
845,RECIFE,2000,7,575.0,-34.95,-8.05
846,RECIFE,2000,8,443.4000000000001,-34.95,-8.05
847,RECIFE,2000,9,336.1000000000001,-34.95,-8.05
848,RECIFE,2000,10,58.199999999999996,-34.95,-8.05
849,RECIFE,2000,11,45.1,-34.95,-8.05
850,RECIFE,2000,12,99.1,-34.95,-8.05
851,RECIFE,2001,1,58.8,-34.95,-8.05
852,RECIFE,2001,2,56.50000000000001,-34.95,-8.05
853,RECIFE,2001,3,133.70000000000002,-34.95,-8.05
854,RECIFE,2001,4,327.79999999999995,-34.95,-8.05
855,RECIFE,2001,5,59.50000000000001,-34.95,-8.05
856,RECIFE,2001,6,432.4000000000001,-34.95,-8.05
857,RECIFE,2001,7,355.5,-34.95,-8.05
858,RECIFE,2001,8,210.99999999999994,-34.95,-8.05
859,RECIFE,2001,9,106.30000000000001,-34.95,-8.05
860,RECIFE,2001,10,103.69999999999999,-34.95,-8.05
861,RECIFE,2001,11,32.1,-34.95,-8.05
862,RECIFE,2001,12,109.0,-34.95,-8.05
863,RECIFE,2002,1,231.59999999999997,-34.95,-8.05
864,RECIFE,2002,2,199.5,-34.95,-8.05
865,RECIFE,2002,3,409.8,-34.95,-8.05
866,RECIFE,2002,4,140.20000000000002,-34.95,-8.05
867,RECIFE,2002,5,304.19999999999993,-34.95,-8.05
868,RECIFE,2002,6,583.4999999999999,-34.95,-8.05
869,RECIFE,2002,7,282.29999999999995,-34.95,-8.05
870,RECIFE,2002,8,124.2,-34.95,-8.05
871,RECIFE,2002,9,42.5,-34.95,-8.05
872,RECIFE,2002,10,49.00000000000001,-34.95,-8.05
873,RECIFE,2002,11,87.69999999999999,-34.95,-8.05
874,RECIFE,2002,12,33.1,-34.95,-8.05
875,RECIFE,2003,1,53.300000000000004,-34.95,-8.05
876,RECIFE,2003,2,158.5,-34.95,-8.05
877,RECIFE,2003,3,397.8999999999999,-34.95,-8.05
878,RECIFE,2003,4,116.09999999999998,-34.95,-8.05
879,RECIFE,2003,5,225.90000000000003,-34.95,-8.05
880,RECIFE,2003,6,474.5,-34.95,-8.05
881,RECIFE,2003,7,282.20000000000005,-34.95,-8.05
882,RECIFE,2003,8,194.8,-34.95,-8.05
883,RECIFE,2003,9,136.00000000000003,-34.95,-8.05
884,RECIFE,2003,10,52.300000000000004,-34.95,-8.05
885,RECIFE,2003,11,26.799999999999997,-34.95,-8.05
886,RECIFE,2003,12,51.5,-34.95,-8.05
887,RECIFE,2004,1,249.90000000000003,-34.95,-8.05
888,RECIFE,2004,2,225.99999999999997,-34.95,-8.05
889,RECIFE,2004,3,168.79999999999998,-34.95,-8.05
890,RECIFE,2004,4,378.20000000000005,-34.95,-8.05
891,RECIFE,2004,5,327.7,-34.95,-8.05
892,RECIFE,2004,6,537.3,-34.95,-8.05
893,RECIFE,2004,7,359.79999999999995,-34.95,-8.05
894,RECIFE,2004,8,138.9,-34.95,-8.05
895,RECIFE,2004,9,81.1,-34.95,-8.05
896,RECIFE,2004,10,33.599999999999994,-34.95,-8.05
897,RECIFE,2004,11,18.2,-34.95,-8.05
898,RECIFE,2004,12,13.2,-34.95,-8.05
899,RECIFE,2005,1,14.299999999999999,-34.95,-8.05
900,RECIFE,2005,2,80.39999999999999,-34.95,-8.05
901,RECIFE,2005,3,75.9,-34.95,-8.05
902,RECIFE,2005,4,168.10000000000002,-34.95,-8.05
903,RECIFE,2005,5,507.09999999999997,-34.95,-8.05
904,RECIFE,2005,6,709.0000000000001,-34.95,-8.05
905,RECIFE,2005,7,182.7,-34.95,-8.05
906,RECIFE,2005,8,290.8,-34.95,-8.05
907,RECIFE,2005,9,45.3,-34.95,-8.05
908,RECIFE,2005,10,59.7,-34.95,-8.05
909,RECIFE,2005,11,8.700000000000001,-34.95,-8.05
910,RECIFE,2005,12,174.2,-34.95,-8.05
911,RECIFE,2006,1,12.299999999999999,-34.95,-8.05
912,RECIFE,2006,2,32.4,-34.95,-8.05
913,RECIFE,2006,3,158.2,-34.95,-8.05
914,RECIFE,2006,4,322.2,-34.95,-8.05
915,RECIFE,2006,5,338.00000000000006,-34.95,-8.05
916,RECIFE,2006,6,432.1,-34.95,-8.05
917,RECIFE,2006,7,222.49999999999997,-34.95,-8.05
918,RECIFE,2006,8,185.79999999999998,-34.95,-8.05
919,RECIFE,2006,9,78.99999999999997,-34.95,-8.05
920,RECIFE,2006,10,8.7,-34.95,-8.05
921,RECIFE,2006,11,84.69999999999999,-34.95,-8.05
922,RECIFE,2006,12,106.39999999999999,-34.95,-8.05
923,RECIFE,2007,1,83.5,-34.95,-8.05
924,RECIFE,2007,2,226.7,-34.95,-8.05
925,RECIFE,2007,3,138.70000000000002,-34.95,-8.05
926,RECIFE,2007,4,347.30000000000007,-34.95,-8.05
927,RECIFE,2007,5,208.2,-34.95,-8.05
928,RECIFE,2007,6,390.8,-34.95,-8.05
929,RECIFE,2007,7,330.99999999999994,-34.95,-8.05
930,RECIFE,2007,8,223.7,-34.95,-8.05
931,RECIFE,2007,9,127.10000000000001,-34.95,-8.05
932,RECIFE,2007,10,25.600000000000005,-34.95,-8.05
933,RECIFE,2007,11,40.0,-34.95,-8.05
934,RECIFE,2007,12,30.600000000000005,-34.95,-8.05
935,RECIFE,2008,1,85.70000000000002,-34.95,-8.05
936,RECIFE,2008,2,32.300000000000004,-34.95,-8.05
937,RECIFE,2008,3,395.4,-34.95,-8.05
938,RECIFE,2008,4,314.20000000000005,-34.95,-8.05
939,RECIFE,2008,5,415.70000000000005,-34.95,-8.05
940,RECIFE,2008,6,391.79999999999995,-34.95,-8.05
941,RECIFE,2008,7,374.2999999999999,-34.95,-8.05
942,RECIFE,2008,8,294.40000000000003,-34.95,-8.05
943,RECIFE,2008,9,47.600000000000016,-34.95,-8.05
944,RECIFE,2008,10,53.60000000000001,-34.95,-8.05
945,RECIFE,2008,11,15.999999999999998,-34.95,-8.05
946,RECIFE,2008,12,18.299999999999997,-34.95,-8.05
947,RECIFE,2009,1,85.2,-34.95,-8.05
948,RECIFE,2009,2,376.1000000000001,-34.95,-8.05
949,RECIFE,2009,3,142.8,-34.95,-8.05
950,RECIFE,2009,4,351.80000000000007,-34.95,-8.05
951,RECIFE,2009,5,410.09999999999997,-34.95,-8.05
952,RECIFE,2009,6,333.0,-34.95,-8.05
953,RECIFE,2009,7,386.8000000000001,-34.95,-8.05
954,RECIFE,2009,8,290.19999999999993,-34.95,-8.05
955,RECIFE,2009,9,83.5,-34.95,-8.05
956,RECIFE,2009,10,16.3,-34.95,-8.05
957,RECIFE,2009,11,49.9,-34.95,-8.05
958,RECIFE,2009,12,47.800000000000004,-34.95,-8.05
959,RECIFE,2010,1,193.4,-34.95,-8.05
960,RECIFE,2010,2,45.199999999999996,-34.95,-8.05
961,RECIFE,2010,3,92.70000000000002,-34.95,-8.05
962,RECIFE,2010,4,273.29999999999995,-34.95,-8.05
963,RECIFE,2010,5,114.30000000000001,-34.95,-8.05
964,RECIFE,2010,6,543.9,-34.95,-8.05
965,RECIFE,2010,7,259.40000000000003,-34.95,-8.05
966,RECIFE,2010,8,191.20000000000002,-34.95,-8.05
967,RECIFE,2010,9,74.30000000000001,-34.95,-8.05
968,RECIFE,2010,10,37.4,-34.95,-8.05
969,RECIFE,2010,11,23.5,-34.95,-8.05
970,RECIFE,2010,12,84.8,-34.95,-8.05
971,RECIFE,2011,1,139.3,-34.95,-8.05
972,RECIFE,2011,2,336.6,-34.95,-8.05
973,RECIFE,2011,3,129.5,-34.95,-8.05
974,RECIFE,2011,4,647.4,-34.95,-8.05
975,RECIFE,2011,5,755.7,-34.95,-8.05
976,RECIFE,2011,6,303.8999999999999,-34.95,-8.05
977,RECIFE,2011,7,544.4000000000001,-34.95,-8.05
978,RECIFE,2011,8,201.79999999999998,-34.95,-8.05
979,RECIFE,2011,9,35.7,-34.95,-8.05
980,RECIFE,2011,10,34.6,-34.95,-8.05
981,RECIFE,2011,11,74.99999999999999,-34.95,-8.05
982,RECIFE,2011,12,41.800000000000004,-34.95,-8.05
983,RECIFE,2012,1,198.60000000000002,-34.95,-8.05
984,RECIFE,2012,2,189.79999999999998,-34.95,-8.05
985,RECIFE,2012,3,138.8,-34.95,-8.05
986,RECIFE,2012,4,55.8,-34.95,-8.05
987,RECIFE,2012,5,190.2,-34.95,-8.05
988,RECIFE,2012,6,296.5,-34.95,-8.05
989,RECIFE,2012,7,261.70000000000005,-34.95,-8.05
990,RECIFE,2012,8,163.50000000000003,-34.95,-8.05
991,RECIFE,2012,9,19.7,-34.95,-8.05
992,RECIFE,2012,10,54.400000000000006,-34.95,-8.05
993,RECIFE,2012,11,9.899999999999999,-34.95,-8.05
994,RECIFE,2012,12,25.100000000000005,-34.95,-8.05
995,RECIFE,2013,1,95.70000000000002,-34.95,-8.05
996,RECIFE,2013,2,47.7,-34.95,-8.05
997,RECIFE,2013,3,98.8,-34.95,-8.05
998,RECIFE,2013,4,229.0,-34.95,-8.05
999,RECIFE,2013,5,316.9,-34.95,-8.05
1000,RECIFE,2013,6,491.3999999999999,-34.95,-8.05
1001,RECIFE,2013,7,416.4,-34.95,-8.05
1002,RECIFE,2013,8,225.29999999999998,-34.95,-8.05
1003,RECIFE,2013,9,146.00000000000003,-34.95,-8.05
1004,RECIFE,2013,10,129.2,-34.95,-8.05
1005,RECIFE,2013,11,76.50000000000001,-34.95,-8.05
1006,RECIFE,2013,12,177.3,-34.95,-8.05
1007,RECIFE,2014,1,108.89999999999998,-34.95,-8.05
1008,RECIFE,2014,2,148.20000000000002,-34.95,-8.05
1009,RECIFE,2014,3,252.39999999999998,-34.95,-8.05
1010,RECIFE,2014,4,268.5,-34.95,-8.05
1011,RECIFE,2014,5,315.1,-34.95,-8.05
1012,RECIFE,2014,6,322.8,-34.95,-8.05
1013,RECIFE,2014,7,278.9,-34.95,-8.05
1014,RECIFE,2014,8,162.19999999999996,-34.95,-8.05
1015,RECIFE,2014,9,248.9,-34.95,-8.05
1016,RECIFE,2014,10,146.5,-34.95,-8.05
1017,RECIFE,2014,11,55.99999999999999,-34.95,-8.05
1018,RECIFE,2014,12,71.29999999999998,-34.95,-8.05
1019,RECIFE,2015,1,65.4,-34.95,-8.05
1020,RECIFE,2015,2,56.2,-34.95,-8.05
1021,RECIFE,2015,3,341.2,-34.95,-8.05
1022,RECIFE,2015,4,74.60000000000001,-34.95,-8.05
1023,RECIFE,2015,5,178.9,-34.95,-8.05
1024,RECIFE,2015,6,460.49999999999994,-34.95,-8.05
1025,RECIFE,2015,7,446.3,-34.95,-8.05
1026,RECIFE,2015,8,115.99999999999999,-34.95,-8.05
1027,RECIFE,2015,9,35.10000000000001,-34.95,-8.05
1028,RECIFE,2015,10,16.599999999999998,-34.95,-8.05
1029,RECIFE,2015,11,30.6,-34.95,-8.05
1030,RECIFE,2015,12,91.8,-34.95,-8.05
1031,RECIFE,2016,1,124.00000000000001,-34.95,-8.05
1032,RECIFE,2016,2,70.0,-34.95,-8.05
1033,RECIFE,2016,3,265.09999999999997,-34.95,-8.05
1034,RECIFE,2016,4,293.59999999999997,-34.95,-8.05
1035,RECIFE,2016,5,478.30000000000007,-34.95,-8.05
1036,RECIFE,2016,6,148.49999999999997,-34.95,-8.05
1037,RECIFE,2016,7,111.30000000000001,-34.95,-8.05
1038,RECIFE,2016,8,58.3,-34.95,-8.05
1039,RECIFE,2016,9,58.199999999999996,-34.95,-8.05
1040,RECIFE,2016,10,14.100000000000003,-34.95,-8.05
1041,RECIFE,2016,11,17.299999999999997,-34.95,-8.05
1042,RECIFE,2016,12,68.0,-34.95,-8.05
1043,RECIFE,2017,1,28.7,-34.95,-8.05
1044,RECIFE,2017,2,21.1,-34.95,-8.05
1045,RECIFE,2017,3,156.19999999999996,-34.95,-8.05
1046,RECIFE,2017,4,289.9,-34.95,-8.05
1047,RECIFE,2017,5,399.40000000000003,-34.95,-8.05
1048,RECIFE,2017,6,489.79999999999984,-34.95,-8.05
1049,RECIFE,2017,7,479.30000000000007,-34.95,-8.05
1050,RECIFE,2017,8,112.1,-34.95,-8.05
1051,RECIFE,2017,9,84.20000000000002,-34.95,-8.05
1052,RECIFE,2017,10,62.60000000000001,-34.95,-8.05
1053,RECIFE,2017,11,14.8,-34.95,-8.05
1054,RECIFE,2017,12,30.3,-34.95,-8.05
1055,SURUBIM,2000,1,57.10000000000001,-35.71,-7.83
1056,SURUBIM,2000,2,76.99999999999999,-35.71,-7.83
1057,SURUBIM,2000,3,29.5,-35.71,-7.83
1058,SURUBIM,2000,4,129.5,-35.71,-7.83
1059,SURUBIM,2000,5,87.1,-35.71,-7.83
1060,SURUBIM,2000,6,151.80000000000004,-35.71,-7.83
1061,SURUBIM,2000,7,114.29999999999998,-35.71,-7.83
1062,SURUBIM,2000,8,100.50000000000001,-35.71,-7.83
1063,SURUBIM,2000,9,117.10000000000002,-35.71,-7.83
1064,SURUBIM,2000,10,15.2,-35.71,-7.83
1065,SURUBIM,2000,11,8.9,-35.71,-7.83
1066,SURUBIM,2000,12,66.7,-35.71,-7.83
1067,SURUBIM,2001,1,22.700000000000003,-35.71,-7.83
1068,SURUBIM,2001,2,0.9999999999999999,-35.71,-7.83
1069,SURUBIM,2001,3,74.79999999999998,-35.71,-7.83
1070,SURUBIM,2001,4,56.599999999999994,-35.71,-7.83
1071,SURUBIM,2001,5,9.4,-35.71,-7.83
1072,SURUBIM,2001,6,120.99999999999999,-35.71,-7.83
1073,SURUBIM,2001,7,72.8,-35.71,-7.83
1074,SURUBIM,2001,8,61.49999999999999,-35.71,-7.83
1075,SURUBIM,2001,9,24.999999999999996,-35.71,-7.83
1076,SURUBIM,2001,10,21.9,-35.71,-7.83
1077,SURUBIM,2001,11,8.299999999999999,-35.71,-7.83
1078,SURUBIM,2001,12,26.5,-35.71,-7.83
1079,SURUBIM,2002,1,102.10000000000001,-35.71,-7.83
1080,SURUBIM,2002,2,24.7,-35.71,-7.83
1081,SURUBIM,2002,3,95.50000000000001,-35.71,-7.83
1082,SURUBIM,2002,4,30.800000000000004,-35.71,-7.83
1083,SURUBIM,2002,5,110.8,-35.71,-7.83
1084,SURUBIM,2002,6,120.3,-35.71,-7.83
1085,SURUBIM,2002,7,47.49999999999999,-35.71,-7.83
1086,SURUBIM,2002,8,33.7,-35.71,-7.83
1087,SURUBIM,2002,9,7.3999999999999995,-35.71,-7.83
1088,SURUBIM,2002,10,12.200000000000001,-35.71,-7.83
1089,SURUBIM,2002,11,28.700000000000003,-35.71,-7.83
1090,SURUBIM,2002,12,3.3,-35.71,-7.83
1091,SURUBIM,2003,1,5.5,-35.71,-7.83
1092,SURUBIM,2003,2,50.4,-35.71,-7.83
1093,SURUBIM,2003,3,48.20000000000001,-35.71,-7.83
1094,SURUBIM,2003,4,47.7,-35.71,-7.83
1095,SURUBIM,2003,5,50.90000000000001,-35.71,-7.83
1096,SURUBIM,2003,6,82.89999999999999,-35.71,-7.83
1097,SURUBIM,2003,7,61.99999999999999,-35.71,-7.83
1098,SURUBIM,2003,8,31.999999999999996,-35.71,-7.83
1099,SURUBIM,2003,9,39.800000000000004,-35.71,-7.83
1100,SURUBIM,2003,10,7.900000000000001,-35.71,-7.83
1101,SURUBIM,2003,11,3.4000000000000004,-35.71,-7.83
1102,SURUBIM,2003,12,33.2,-35.71,-7.83
1103,SURUBIM,2004,1,216.5,-35.71,-7.83
1104,SURUBIM,2004,2,114.30000000000001,-35.71,-7.83
1105,SURUBIM,2004,3,40.69999999999999,-35.71,-7.83
1106,SURUBIM,2004,4,84.80000000000001,-35.71,-7.83
1107,SURUBIM,2004,5,84.79999999999998,-35.71,-7.83
1108,SURUBIM,2004,6,140.9,-35.71,-7.83
1109,SURUBIM,2004,7,122.60000000000001,-35.71,-7.83
1110,SURUBIM,2004,8,45.900000000000006,-35.71,-7.83
1111,SURUBIM,2004,9,34.7,-35.71,-7.83
1112,SURUBIM,2004,10,5.7,-35.71,-7.83
1113,SURUBIM,2004,11,6.800000000000001,-35.71,-7.83
1114,SURUBIM,2004,12,10.6,-35.71,-7.83
1115,SURUBIM,2005,1,8.5,-35.71,-7.83
1116,SURUBIM,2005,2,29.200000000000003,-35.71,-7.83
1117,SURUBIM,2005,3,94.4,-35.71,-7.83
1118,SURUBIM,2005,4,22.2,-35.71,-7.83
1119,SURUBIM,2005,5,91.1,-35.71,-7.83
1120,SURUBIM,2005,6,258.1,-35.71,-7.83
1121,SURUBIM,2005,7,71.6,-35.71,-7.83
1122,SURUBIM,2005,8,95.2,-35.71,-7.83
1123,SURUBIM,2005,9,5.6,-35.71,-7.83
1124,SURUBIM,2005,10,2.5,-35.71,-7.83
1125,SURUBIM,2005,11,9.0,-35.71,-7.83
1126,SURUBIM,2005,12,27.299999999999997,-35.71,-7.83
1127,SURUBIM,2006,1,2.8999999999999995,-35.71,-7.83
1128,SURUBIM,2006,2,71.8,-35.71,-7.83
1129,SURUBIM,2006,3,38.7,-35.71,-7.83
1130,SURUBIM,2006,4,41.199999999999996,-35.71,-7.83
1131,SURUBIM,2006,5,58.599999999999994,-35.71,-7.83
1132,SURUBIM,2006,6,148.69999999999996,-35.71,-7.83
1133,SURUBIM,2006,7,40.99999999999999,-35.71,-7.83
1134,SURUBIM,2006,8,34.6,-35.71,-7.83
1135,SURUBIM,2006,9,10.0,-35.71,-7.83
1136,SURUBIM,2006,10,4.3999999999999995,-35.71,-7.83
1137,SURUBIM,2006,11,31.8,-35.71,-7.83
1138,SURUBIM,2006,12,9.5,-35.71,-7.83
1139,SURUBIM,2007,1,23.2,-35.71,-7.83
1140,SURUBIM,2007,2,51.79999999999999,-35.71,-7.83
1141,SURUBIM,2007,3,73.10000000000001,-35.71,-7.83
1142,SURUBIM,2007,4,56.10000000000001,-35.71,-7.83
1143,SURUBIM,2007,5,39.70000000000001,-35.71,-7.83
1144,SURUBIM,2007,6,123.00000000000003,-35.71,-7.83
1145,SURUBIM,2007,7,48.5,-35.71,-7.83
1146,SURUBIM,2007,8,48.60000000000001,-35.71,-7.83
1147,SURUBIM,2007,9,29.300000000000004,-35.71,-7.83
1148,SURUBIM,2007,10,3.5999999999999996,-35.71,-7.83
1149,SURUBIM,2007,11,5.800000000000001,-35.71,-7.83
1150,SURUBIM,2007,12,16.8,-35.71,-7.83
1151,SURUBIM,2008,1,3.5,-35.71,-7.83
1152,SURUBIM,2008,2,1.4,-35.71,-7.83
1153,SURUBIM,2008,3,157.4,-35.71,-7.83
1154,SURUBIM,2008,4,58.40000000000002,-35.71,-7.83
1155,SURUBIM,2008,5,115.19999999999997,-35.71,-7.83
1156,SURUBIM,2008,6,64.6,-35.71,-7.83
1157,SURUBIM,2008,7,93.20000000000003,-35.71,-7.83
1158,SURUBIM,2008,8,80.59999999999998,-35.71,-7.83
1159,SURUBIM,2008,9,19.799999999999997,-35.71,-7.83
1160,SURUBIM,2008,10,7.0,-35.71,-7.83
1161,SURUBIM,2008,11,0.4,-35.71,-7.83
1162,SURUBIM,2008,12,1.9,-35.71,-7.83
1163,SURUBIM,2009,1,9.0,-35.71,-7.83
1164,SURUBIM,2009,2,136.89999999999998,-35.71,-7.83
1165,SURUBIM,2009,3,44.7,-35.71,-7.83
1166,SURUBIM,2009,4,36.6,-35.71,-7.83
1167,SURUBIM,2009,5,95.3,-35.71,-7.83
1168,SURUBIM,2009,6,69.2,-35.71,-7.83
1169,SURUBIM,2009,7,52.900000000000006,-35.71,-7.83
1170,SURUBIM,2009,8,49.70000000000002,-35.71,-7.83
1171,SURUBIM,2009,9,15.799999999999999,-35.71,-7.83
1172,SURUBIM,2009,10,0.3,-35.71,-7.83
1173,SURUBIM,2009,11,16.4,-35.71,-7.83
1174,SURUBIM,2009,12,12.6,-35.71,-7.83
1175,SURUBIM,2010,1,111.80000000000001,-35.71,-7.83
1176,SURUBIM,2010,2,43.5,-35.71,-7.83
1177,SURUBIM,2010,3,25.000000000000004,-35.71,-7.83
1178,SURUBIM,2010,4,92.80000000000003,-35.71,-7.83
1179,SURUBIM,2010,5,38.99999999999999,-35.71,-7.83
1180,SURUBIM,2010,6,249.00000000000003,-35.71,-7.83
1181,SURUBIM,2010,7,38.9,-35.71,-7.83
1182,SURUBIM,2010,8,50.999999999999986,-35.71,-7.83
1183,SURUBIM,2010,9,25.7,-35.71,-7.83
1184,SURUBIM,2010,10,7.7,-35.71,-7.83
1185,SURUBIM,2010,11,2.9,-35.71,-7.83
1186,SURUBIM,2010,12,45.7,-35.71,-7.83
1187,SURUBIM,2011,1,70.30000000000001,-35.71,-7.83
1188,SURUBIM,2011,2,35.4,-35.71,-7.83
1189,SURUBIM,2011,3,71.2,-35.71,-7.83
1190,SURUBIM,2011,4,174.29999999999995,-35.71,-7.83
1191,SURUBIM,2011,5,184.29999999999998,-35.71,-7.83
1192,SURUBIM,2011,6,97.30000000000001,-35.71,-7.83
1193,SURUBIM,2011,7,120.09999999999997,-35.71,-7.83
1194,SURUBIM,2011,8,62.6,-35.71,-7.83
1195,SURUBIM,2011,9,13.900000000000002,-35.71,-7.83
1196,SURUBIM,2011,10,11.0,-35.71,-7.83
1197,SURUBIM,2011,11,15.8,-35.71,-7.83
1198,SURUBIM,2011,12,3.2,-35.71,-7.83
1199,SURUBIM,2012,1,71.8,-35.71,-7.83
1200,SURUBIM,2012,2,48.900000000000006,-35.71,-7.83
1201,SURUBIM,2012,3,6.1,-35.71,-7.83
1202,SURUBIM,2012,4,3.5,-35.71,-7.83
1203,SURUBIM,2012,5,46.400000000000006,-35.71,-7.83
1204,SURUBIM,2012,6,95.1,-35.71,-7.83
1205,SURUBIM,2012,7,59.300000000000026,-35.71,-7.83
1206,SURUBIM,2012,8,29.200000000000003,-35.71,-7.83
1207,SURUBIM,2012,9,1.9,-35.71,-7.83
1208,SURUBIM,2012,10,4.3,-35.71,-7.83
1209,SURUBIM,2012,11,1.4000000000000001,-35.71,-7.83
1210,SURUBIM,2012,12,9.0,-35.71,-7.83
1211,SURUBIM,2013,1,31.0,-35.71,-7.83
1212,SURUBIM,2013,2,4.699999999999999,-35.71,-7.83
1213,SURUBIM,2013,3,9.8,-35.71,-7.83
1214,SURUBIM,2013,4,101.89999999999999,-35.71,-7.83
1215,SURUBIM,2013,5,35.49999999999999,-35.71,-7.83
1216,SURUBIM,2013,6,73.0,-35.71,-7.83
1217,SURUBIM,2013,7,109.39999999999996,-35.71,-7.83
1218,SURUBIM,2013,8,45.400000000000006,-35.71,-7.83
1219,SURUBIM,2013,9,14.4,-35.71,-7.83
1220,SURUBIM,2013,10,11.399999999999999,-35.71,-7.83
1221,SURUBIM,2013,11,8.499999999999998,-35.71,-7.83
1222,SURUBIM,2013,12,10.5,-35.71,-7.83
1223,SURUBIM,2014,1,6.2,-35.71,-7.83
1224,SURUBIM,2014,2,81.0,-35.71,-7.83
1225,SURUBIM,2014,3,28.299999999999994,-35.71,-7.83
1226,SURUBIM,2014,4,46.900000000000006,-35.71,-7.83
1227,SURUBIM,2014,5,203.09999999999997,-35.71,-7.83
1228,SURUBIM,2014,6,41.300000000000004,-35.71,-7.83
1229,SURUBIM,2014,7,55.099999999999994,-35.71,-7.83
1230,SURUBIM,2014,8,58.4,-35.71,-7.83
1231,SURUBIM,2014,9,54.3,-35.71,-7.83
1232,SURUBIM,2014,10,56.300000000000004,-35.71,-7.83
1233,SURUBIM,2014,11,67.8,-35.71,-7.83
1234,SURUBIM,2014,12,5.699999999999999,-35.71,-7.83
1235,SURUBIM,2015,1,9.100000000000001,-35.71,-7.83
1236,SURUBIM,2015,2,10.899999999999999,-35.71,-7.83
1237,SURUBIM,2015,3,50.50000000000001,-35.71,-7.83
1238,SURUBIM,2015,4,10.6,-35.71,-7.83
1239,SURUBIM,2015,5,43.0,-35.71,-7.83
1240,SURUBIM,2015,6,98.10000000000001,-35.71,-7.83
1241,SURUBIM,2015,7,108.29999999999997,-35.71,-7.83
1242,SURUBIM,2015,8,16.5,-35.71,-7.83
1243,SURUBIM,2015,9,7.199999999999999,-35.71,-7.83
1244,SURUBIM,2015,10,7.3,-35.71,-7.83
1245,SURUBIM,2015,11,4.0,-35.71,-7.83
1246,SURUBIM,2015,12,41.599999999999994,-35.71,-7.83
1247,SURUBIM,2016,1,108.1,-35.71,-7.83
1248,SURUBIM,2016,2,31.6,-35.71,-7.83
1249,SURUBIM,2016,3,31.8,-35.71,-7.83
1250,SURUBIM,2016,4,73.89999999999999,-35.71,-7.83
1251,SURUBIM,2016,5,99.8,-35.71,-7.83
1252,SURUBIM,2016,6,45.50000000000001,-35.71,-7.83
1253,SURUBIM,2016,7,12.899999999999999,-35.71,-7.83
1254,SURUBIM,2016,8,9.4,-35.71,-7.83
1255,SURUBIM,2016,9,3.7,-35.71,-7.83
1256,SURUBIM,2016,10,0.2,-35.71,-7.83
1257,SURUBIM,2016,11,0.6,-35.71,-7.83
1258,SURUBIM,2016,12,4.6,-35.71,-7.83
1259,SURUBIM,2017,1,7.5,-35.71,-7.83
1260,SURUBIM,2017,2,4.3,-35.71,-7.83
1261,SURUBIM,2017,3,12.5,-35.71,-7.83
1262,SURUBIM,2017,4,79.7,-35.71,-7.83
1263,SURUBIM,2017,5,64.19999999999999,-35.71,-7.83
1264,SURUBIM,2017,6,86.1,-35.71,-7.83
1265,SURUBIM,2017,7,138.6,-35.71,-7.83
1266,SURUBIM,2017,8,14.3,-35.71,-7.83
1267,SURUBIM,2017,9,18.900000000000002,-35.71,-7.83
1268,SURUBIM,2017,10,6.6,-35.71,-7.83
1269,SURUBIM,2017,11,6.1,-35.71,-7.83
1270,SURUBIM,2017,12,9.2,-35.71,-7.83
1271,TRIUNFO,2000,1,152.6,-38.11,-7.81
1272,TRIUNFO,2000,2,183.8,-38.11,-7.81
1273,TRIUNFO,2000,3,138.70000000000002,-38.11,-7.81
1274,TRIUNFO,2000,4,341.09999999999997,-38.11,-7.81
1275,TRIUNFO,2000,5,90.9,-38.11,-7.81
1276,TRIUNFO,2000,6,179.20000000000002,-38.11,-7.81
1277,TRIUNFO,2000,7,173.6,-38.11,-7.81
1278,TRIUNFO,2000,8,126.6,-38.11,-7.81
1279,TRIUNFO,2000,9,127.1,-38.11,-7.81
1280,TRIUNFO,2000,10,0.0,-38.11,-7.81
1281,TRIUNFO,2000,11,0.0,-38.11,-7.81
1282,TRIUNFO,2000,12,95.99999999999999,-38.11,-7.81
1283,TRIUNFO,2001,1,47.400000000000006,-38.11,-7.81
1284,TRIUNFO,2001,2,131.6,-38.11,-7.81
1285,TRIUNFO,2001,3,168.29999999999998,-38.11,-7.81
1286,TRIUNFO,2001,4,30.0,-38.11,-7.81
1287,TRIUNFO,2001,5,29.0,-38.11,-7.81
1288,TRIUNFO,2001,6,193.50000000000003,-38.11,-7.81
1289,TRIUNFO,2001,7,177.79999999999998,-38.11,-7.81
1290,TRIUNFO,2001,8,98.39999999999998,-38.11,-7.81
1291,TRIUNFO,2001,9,12.899999999999999,-38.11,-7.81
1292,TRIUNFO,2001,10,108.0,-38.11,-7.81
1293,TRIUNFO,2001,11,6.4,-38.11,-7.81
1294,TRIUNFO,2001,12,23.5,-38.11,-7.81
1295,TRIUNFO,2002,1,299.1000000000001,-38.11,-7.81
1296,TRIUNFO,2002,2,112.60000000000001,-38.11,-7.81
1297,TRIUNFO,2002,3,286.3,-38.11,-7.81
1298,TRIUNFO,2002,4,51.20000000000001,-38.11,-7.81
1299,TRIUNFO,2002,5,105.79999999999998,-38.11,-7.81
1300,TRIUNFO,2002,6,82.3,-38.11,-7.81
1301,TRIUNFO,2002,7,120.0,-38.11,-7.81
1302,TRIUNFO,2002,8,47.900000000000006,-38.11,-7.81
1303,TRIUNFO,2002,9,5.2,-38.11,-7.81
1304,TRIUNFO,2002,10,0.2,-38.11,-7.81
1305,TRIUNFO,2002,11,1.0,-38.11,-7.81
1306,TRIUNFO,2002,12,35.0,-38.11,-7.81
1307,TRIUNFO,2003,1,136.3,-38.11,-7.81
1308,TRIUNFO,2003,2,196.9,-38.11,-7.81
1309,TRIUNFO,2003,3,212.10000000000002,-38.11,-7.81
1310,TRIUNFO,2003,4,109.2,-38.11,-7.81
1311,TRIUNFO,2003,5,46.400000000000006,-38.11,-7.81
1312,TRIUNFO,2003,6,21.400000000000002,-38.11,-7.81
1313,TRIUNFO,2003,7,37.199999999999996,-38.11,-7.81
1314,TRIUNFO,2003,8,13.6,-38.11,-7.81
1315,TRIUNFO,2003,9,66.99999999999999,-38.11,-7.81
1316,TRIUNFO,2003,10,5.0,-38.11,-7.81
1317,TRIUNFO,2003,11,52.0,-38.11,-7.81
1318,TRIUNFO,2003,12,0.0,-38.11,-7.81
1319,TRIUNFO,2004,5,87.39999999999999,-38.11,-7.81
1320,TRIUNFO,2004,6,191.69999999999996,-38.11,-7.81
1321,TRIUNFO,2004,7,141.8,-38.11,-7.81
1322,TRIUNFO,2004,8,99.5,-38.11,-7.81
1323,TRIUNFO,2004,9,28.6,-38.11,-7.81
1324,TRIUNFO,2004,10,0.0,-38.11,-7.81
1325,TRIUNFO,2004,11,12.3,-38.11,-7.81
1326,TRIUNFO,2004,12,31.0,-38.11,-7.81
1327,TRIUNFO,2005,1,31.200000000000003,-38.11,-7.81
1328,TRIUNFO,2005,2,84.99999999999999,-38.11,-7.81
1329,TRIUNFO,2005,3,212.60000000000002,-38.11,-7.81
1330,TRIUNFO,2005,4,48.70000000000001,-38.11,-7.81
1331,TRIUNFO,2005,5,181.0,-38.11,-7.81
1332,TRIUNFO,2005,6,171.0,-38.11,-7.81
1333,TRIUNFO,2005,7,73.6,-38.11,-7.81
1334,TRIUNFO,2005,8,73.5,-38.11,-7.81
1335,TRIUNFO,2005,9,1.9000000000000001,-38.11,-7.81
1336,TRIUNFO,2005,10,2.0,-38.11,-7.81
1337,TRIUNFO,2005,11,2.5,-38.11,-7.81
1338,TRIUNFO,2005,12,67.9,-38.11,-7.81
1339,TRIUNFO,2006,1,2.0,-38.11,-7.81
1340,TRIUNFO,2006,2,144.6,-38.11,-7.81
1341,TRIUNFO,2006,3,258.2,-38.11,-7.81
1342,TRIUNFO,2006,4,172.4,-38.11,-7.81
1343,TRIUNFO,2006,5,173.10000000000002,-38.11,-7.81
1344,TRIUNFO,2006,6,122.89999999999999,-38.11,-7.81
1345,TRIUNFO,2006,7,72.10000000000001,-38.11,-7.81
1346,TRIUNFO,2006,8,25.0,-38.11,-7.81
1347,TRIUNFO,2006,9,16.2,-38.11,-7.81
1348,TRIUNFO,2006,10,91.19999999999999,-38.11,-7.81
1349,TRIUNFO,2006,11,33.2,-38.11,-7.81
1350,TRIUNFO,2006,12,9.2,-38.11,-7.81
1351,TRIUNFO,2007,1,55.0,-38.11,-7.81
1352,TRIUNFO,2007,2,311.4,-38.11,-7.81
1353,TRIUNFO,2007,3,225.20000000000002,-38.11,-7.81
1354,TRIUNFO,2007,4,105.2,-38.11,-7.81
1355,TRIUNFO,2007,5,99.9,-38.11,-7.81
1356,TRIUNFO,2007,6,123.10000000000001,-38.11,-7.81
1357,TRIUNFO,2007,7,39.5,-38.11,-7.81
1358,TRIUNFO,2007,8,46.099999999999994,-38.11,-7.81
1359,TRIUNFO,2007,9,31.699999999999996,-38.11,-7.81
1360,TRIUNFO,2007,10,27.3,-38.11,-7.81
1361,TRIUNFO,2007,11,10.6,-38.11,-7.81
1362,TRIUNFO,2007,12,3.3,-38.11,-7.81
1363,TRIUNFO,2008,1,52.5,-38.11,-7.81
1364,TRIUNFO,2008,2,135.70000000000002,-38.11,-7.81
1365,TRIUNFO,2008,3,387.20000000000005,-38.11,-7.81
1366,TRIUNFO,2008,4,387.8,-38.11,-7.81
1367,TRIUNFO,2008,5,199.1,-38.11,-7.81
1368,TRIUNFO,2008,6,75.10000000000001,-38.11,-7.81
1369,TRIUNFO,2008,7,112.09999999999998,-38.11,-7.81
1370,TRIUNFO,2008,8,39.0,-38.11,-7.81
1371,TRIUNFO,2008,9,6.0,-38.11,-7.81
1372,TRIUNFO,2008,10,1.3,-38.11,-7.81
1373,TRIUNFO,2008,11,6.8,-38.11,-7.81
1374,TRIUNFO,2008,12,25.799999999999997,-38.11,-7.81
1375,TRIUNFO,2009,1,98.60000000000001,-38.11,-7.81
1376,TRIUNFO,2009,2,245.0,-38.11,-7.81
1377,TRIUNFO,2009,3,134.5,-38.11,-7.81
1378,TRIUNFO,2009,4,294.5,-38.11,-7.81
1379,TRIUNFO,2009,5,412.0000000000001,-38.11,-7.81
1380,TRIUNFO,2009,6,111.0,-38.11,-7.81
1381,TRIUNFO,2009,7,63.1,-38.11,-7.81
1382,TRIUNFO,2009,8,76.10000000000001,-38.11,-7.81
1383,TRIUNFO,2009,9,0.0,-38.11,-7.81
1384,TRIUNFO,2009,10,48.1,-38.11,-7.81
1385,TRIUNFO,2009,11,13.100000000000001,-38.11,-7.81
1386,TRIUNFO,2009,12,78.99999999999999,-38.11,-7.81
1387,TRIUNFO,2010,1,156.1,-38.11,-7.81
1388,TRIUNFO,2010,2,132.79999999999998,-38.11,-7.81
1389,TRIUNFO,2010,3,24.799999999999997,-38.11,-7.81
1390,TRIUNFO,2010,4,258.3,-38.11,-7.81
1391,TRIUNFO,2010,5,30.7,-38.11,-7.81
1392,TRIUNFO,2010,6,208.70000000000002,-38.11,-7.81
1393,TRIUNFO,2010,7,79.6,-38.11,-7.81
1394,TRIUNFO,2010,8,12.200000000000001,-38.11,-7.81
1395,TRIUNFO,2010,9,26.8,-38.11,-7.81
1396,TRIUNFO,2010,10,119.0,-38.11,-7.81
1397,TRIUNFO,2010,11,0.0,-38.11,-7.81
1398,TRIUNFO,2010,12,83.19999999999999,-38.11,-7.81
1399,TRIUNFO,2011,1,215.2,-38.11,-7.81
1400,TRIUNFO,2011,2,230.5,-38.11,-7.81
1401,TRIUNFO,2011,3,152.7,-38.11,-7.81
1402,TRIUNFO,2011,4,225.2,-38.11,-7.81
1403,TRIUNFO,2011,5,296.29999999999995,-38.11,-7.81
1404,TRIUNFO,2011,6,96.39999999999999,-38.11,-7.81
1405,TRIUNFO,2011,7,98.2,-38.11,-7.81
1406,TRIUNFO,2011,8,52.60000000000001,-38.11,-7.81
1407,TRIUNFO,2011,9,41.900000000000006,-38.11,-7.81
1408,TRIUNFO,2011,10,108.69999999999999,-38.11,-7.81
1409,TRIUNFO,2011,11,65.60000000000001,-38.11,-7.81
1410,TRIUNFO,2011,12,12.0,-38.11,-7.81
1411,TRIUNFO,2012,1,35.49999999999999,-38.11,-7.81
1412,TRIUNFO,2012,2,106.5,-38.11,-7.81
1413,TRIUNFO,2012,3,28.500000000000004,-38.11,-7.81
1414,TRIUNFO,2012,4,37.7,-38.11,-7.81
1415,TRIUNFO,2012,5,45.1,-38.11,-7.81
1416,TRIUNFO,2012,6,17.6,-38.11,-7.81
1417,TRIUNFO,2012,7,32.4,-38.11,-7.81
1418,TRIUNFO,2012,8,40.6,-38.11,-7.81
1419,TRIUNFO,2012,9,2.0,-38.11,-7.81
1420,TRIUNFO,2012,10,1.0,-38.11,-7.81
1421,TRIUNFO,2012,11,2.8000000000000003,-38.11,-7.81
1422,TRIUNFO,2012,12,12.8,-38.11,-7.81
1423,TRIUNFO,2013,1,36.99999999999999,-38.11,-7.81
1424,TRIUNFO,2013,2,42.89999999999999,-38.11,-7.81
1425,TRIUNFO,2013,3,103.60000000000001,-38.11,-7.81
1426,TRIUNFO,2013,4,225.90000000000003,-38.11,-7.81
1427,TRIUNFO,2013,5,78.5,-38.11,-7.81
1428,TRIUNFO,2013,6,42.3,-38.11,-7.81
1429,TRIUNFO,2013,7,112.90000000000002,-38.11,-7.81
1430,TRIUNFO,2013,8,25.299999999999997,-38.11,-7.81
1431,TRIUNFO,2013,9,1.4,-38.11,-7.81
1432,TRIUNFO,2013,10,17.7,-38.11,-7.81
1433,TRIUNFO,2013,11,19.8,-38.11,-7.81
1434,TRIUNFO,2013,12,97.8,-38.11,-7.81
1435,TRIUNFO,2014,1,63.2,-38.11,-7.81
1436,TRIUNFO,2014,2,150.4,-38.11,-7.81
1437,TRIUNFO,2014,3,248.9,-38.11,-7.81
1438,TRIUNFO,2014,4,189.6,-38.11,-7.81
1439,TRIUNFO,2014,5,147.29999999999998,-38.11,-7.81
1440,TRIUNFO,2014,6,43.300000000000004,-38.11,-7.81
1441,TRIUNFO,2014,7,70.60000000000001,-38.11,-7.81
1442,TRIUNFO,2014,8,40.199999999999996,-38.11,-7.81
1443,TRIUNFO,2014,9,37.8,-38.11,-7.81
1444,TRIUNFO,2014,10,71.0,-38.11,-7.81
1445,TRIUNFO,2014,11,111.8,-38.11,-7.81
1446,TRIUNFO,2014,12,8.8,-38.11,-7.81
1447,TRIUNFO,2015,1,29.200000000000006,-38.11,-7.81
1448,TRIUNFO,2015,2,94.8,-38.11,-7.81
1449,TRIUNFO,2015,3,189.8,-38.11,-7.81
1450,TRIUNFO,2015,4,99.8,-38.11,-7.81
1451,TRIUNFO,2015,5,106.6,-38.11,-7.81
1452,TRIUNFO,2015,6,73.50000000000001,-38.11,-7.81
1453,TRIUNFO,2015,7,179.6,-38.11,-7.81
1454,TRIUNFO,2015,8,29.599999999999998,-38.11,-7.81
1455,TRIUNFO,2015,9,2.2,-38.11,-7.81
1456,TRIUNFO,2015,10,2.2,-38.11,-7.81
1457,TRIUNFO,2015,11,0.0,-38.11,-7.81
1458,TRIUNFO,2015,12,63.0,-38.11,-7.81
1459,TRIUNFO,2016,1,289.59999999999997,-38.11,-7.81
1460,TRIUNFO,2016,2,59.60000000000001,-38.11,-7.81
1461,TRIUNFO,2016,3,254.9,-38.11,-7.81
1462,TRIUNFO,2016,4,42.800000000000004,-38.11,-7.81
1463,TRIUNFO,2016,5,28.099999999999998,-38.11,-7.81
1464,TRIUNFO,2016,6,11.6,-38.11,-7.81
1465,TRIUNFO,2016,7,21.8,-38.11,-7.81
1466,TRIUNFO,2016,8,1.1,-38.11,-7.81
1467,TRIUNFO,2016,9,14.0,-38.11,-7.81
1468,TRIUNFO,2016,10,10.8,-38.11,-7.81
1469,TRIUNFO,2016,11,0.0,-38.11,-7.81
1470,TRIUNFO,2016,12,11.2,-38.11,-7.81
1471,TRIUNFO,2017,1,45.2,-38.11,-7.81
1472,TRIUNFO,2017,2,56.199999999999996,-38.11,-7.81
1473,TRIUNFO,2017,3,93.8,-38.11,-7.81
1474,TRIUNFO,2017,4,214.60000000000002,-38.11,-7.81
1475,TRIUNFO,2017,5,120.60000000000001,-38.11,-7.81
1476,TRIUNFO,2017,7,168.2,-38.11,-7.81
1477,TRIUNFO,2017,8,12.4,-38.11,-7.81
1478,TRIUNFO,2017,9,41.2,-38.11,-7.81
1479,TRIUNFO,2017,10,0.0,-38.11,-7.81
1480,TRIUNFO,2017,11,12.600000000000001,-38.11,-7.81
